timestamp,user_id,goods_id,shop_id,price
2018-06-11 00:00:43.032,bvu0aLTqiFDoU-963xnr5nzQWTNLUMjx,1414,38,45000
2018-06-11 00:02:33.763,smDmRnykg61KajpxXKzQ0oNkrh2nuSBj,1351,12,9500
2018-06-11 00:04:06.364,EyGjKYtSqZgqJ1ddKCtH5XwGirTyOH2P,646,14,22000
2018-06-11 00:04:17.258,KQBGi33Zxh5Dgu0WEkOkjN0YqTT_wxC3,5901,46,29800
2018-06-11 00:05:26.010,lq1Je3voA3a0MouSFba3629lKCvweI24,5572,89,29000
2018-06-11 00:05:35.182,GM0-EsJPHjkpteIpAQIwaCdUjU81lhW1,55,22,11200
2018-06-11 00:06:14.314,lgvWxrv7r5RGklXSJqM2x6NUBZ5H-RQZ,2451,22,19800
2018-06-11 00:08:39.716,LZZ0ktGq6hW685TFAQfcGNhsKVUEceHl,4278,60,23500
2018-06-11 00:11:30.954,Evz6xmsye1BP7i33rr_RAjwBRZ_AOsTZ,686,22,12900
2018-06-11 00:12:12.469,_t38UxRGHDKAsgc7nJhxz0e7q3pIj-RD,4521,19,26500
2018-06-11 00:13:40.279,2eb5qysY4MRSlB4wy9N6ZsfNffmvyoKY,1622,28,23900
2018-06-11 00:14:32.171,3LGSst6B7iam6ua5uoPG_D43HkkIGY0v,6222,65,29700
2018-06-11 00:14:53.858,OTgwvtiSLDoWj5gqc5k7oTQ4EJ19bpuj,3985,102,13500
2018-06-11 00:16:24.729,1htAKqqU-G6Cqwhl1AQZdrcqm9i-xhn7,854,59,13500
2018-06-11 00:16:58.463,hZrcB-RV5EqL94ysDGcrQ1TZKlhSeS7L,4318,2,18500
2018-06-11 00:16:59.727,qyHhjqtMFu8B7lG1OKT39sj1J6RJNGeZ,4583,91,2500
2018-06-11 00:17:05.702,ejnC07Ro8itd1n2oCegwOIdrgoF8hT0O,3402,79,35800
2018-06-11 00:17:08.555,45TmDQuhC0bjgTIsSStEj6ttHdgF_jOr,2418,98,29000
2018-06-11 00:17:45.978,B3yaMZ62HOH0shQOKjo4QPV6PLcobUsT,6242,63,18900
2018-06-11 00:18:21.226,-L2Awbp23c9b1o1R_do--BZEtPivAUua,2941,126,23900
2018-06-11 00:18:42.937,3ntrLPHn8Xu0IsVQ1z00T2g1FnaJG6jf,1482,138,9900
2018-06-11 00:18:45.243,R6PmigLc669neah2MZxxbIEWsTpEoww0,330,124,19800
2018-06-11 00:20:15.178,XZcG-8HyZc10O7JvFYklwdrUZGTbCoi1,6241,43,32000
2018-06-11 00:21:10.667,Vz_t7ZIWUi8wyzGGheiYnfEoKMfDLR60,993,12,4500
2018-06-11 00:21:16.753,6jvfNuWMFWuRpEKCk1J03XsrhEtXMX_H,2812,139,46000
2018-06-11 00:21:55.869,sYFIv7ryLof2OGic7DnrYRb3BX3VPphc,2392,179,16900
2018-06-11 00:22:20.782,UFa_urDGFk4NSBF2z_TpxyJFWuuREQa6,3846,171,13600
2018-06-11 00:24:22.859,fBwDI6YUugXGIxgPXd7nm7skf8K-Z8N-,2941,126,23900
2018-06-11 00:25:15.381,AN9UpYkHjIvgnIn7YjtEKDzoOSU3b3Gs,6102,3,41000
2018-06-11 00:28:05.018,W5oaNxLT3rie4ZgmHQxlr1PFSYK96M9h,5399,138,14900
2018-06-11 00:28:27.196,DolDXNn2KvZUkPTeVvCjeDntaN41aiqk,5959,22,11400
2018-06-11 00:28:34.705,chxwCULoHfqALvtf_Pyt7HUDHUo4ok6d,2416,194,12900
2018-06-11 00:29:03.708,Q_twKF4S0TlfGONJ58xyku-xbb4HtjdF,4126,91,6900
2018-06-11 00:29:05.058,rCUe0hlyKPNCE6kPCqmCoZbH2ArS2v9d,2593,32,12800
2018-06-11 00:29:37.010,F5v0bQoXnWoqgeZ3_H2ejrG_szCv2Hvw,20,153,17500
2018-06-11 00:30:12.138,5X8VoJ4angmKQW1PAUqoEu0h6qo_wpiC,1088,96,33300
2018-06-11 00:30:20.129,KrsPb_-RxzNFwebWZ1zSfpvzg1zG8g-d,721,94,32900
2018-06-11 00:31:05.127,Rh1wOPm8pS2NOaGocX_lXw8jZplw7i0U,216,126,15900
2018-06-11 00:31:05.300,vA-LkOhqWjfrwkT7LrpLz5P_DKUPeXRi,705,22,19000
2018-06-11 00:32:50.981,3ntrLPHn8Xu0IsVQ1z00T2g1FnaJG6jf,3339,22,10900
2018-06-11 00:33:42.619,lhaf4YM-6Ma9AN6XGdrPExqDdrdZHZbK,5519,28,20810
2018-06-11 00:35:29.116,3ktPVxdkkfvPxXT7KrpJ7ut2APwWmn4u,210,102,10500
2018-06-11 00:35:40.157,5XnKtsufHc_59oMyVV7BtQGwO0hIDW3U,2157,2,15500
2018-06-11 00:36:00.926,M5w-yRmJan-uKKQHmh3HpJkHXvzJS5Lm,1194,45,17900
2018-06-11 00:36:33.642,Vz_t7ZIWUi8wyzGGheiYnfEoKMfDLR60,2440,22,6900
2018-06-11 00:37:20.199,B5Wisxz2GifjkjNinr93hh-s8rK42i3t,459,126,23900
2018-06-11 00:38:12.187,04iVDKAyu75QU3KlclcU2sFBtIkjK4Y_,1786,153,17500
2018-06-11 00:38:25.540,JxPSqsQhRa4XDkYBULp4UIiSV2ezCqpg,1664,92,17000
2018-06-11 00:38:51.782,q2LCSwp6cYyDCrVNqsMOqOvOZPVM-6rp,1011,74,2000
2018-06-11 00:39:30.544,ruAopByCdWLpZKYfC0uW2JJN7DoLzD8u,3924,25,27000
2018-06-11 00:40:33.645,1f8cay9_mVE6kf2yq_9ImDy7UPpYwHOU,4136,14,32000
2018-06-11 00:40:48.590,2SDgCCJsgHBN4K6ni09rgtWvuNff5LM2,4990,3,27000
2018-06-11 00:41:13.370,pReH5NeHVIUWxxi52elVgRqeMiB8tuIw,4308,63,22900
2018-06-11 00:42:22.451,MxzVx01SvanhSaaSVROjaPgPZgF-R8b7,6061,14,54000
2018-06-11 00:44:14.386,ej5GSc9m28Vm3f_ri6IZngwnMGxt5OOP,5535,22,10200
2018-06-11 00:44:34.438,TxbajT4zU7Fmdk1L3C3AZQTUOEPVk3z0,499,80,51000
2018-06-11 00:44:36.041,fT2h4SKIM0_Gc5IKx4B3m0I6KQmKzhLF,2331,63,18900
2018-06-11 00:45:20.424,3OVSzuRPnQa517I79gpAdaDL-Bnu0ZgD,1788,12,9500
2018-06-11 00:45:41.634,Sv8l02lPM85J4vTuJjMlQUNM5j7-HSot,1659,22,19000
2018-06-11 00:46:43.845,9kBsnxkIY5hV-222s00gw6e3UXqC-L6R,2641,94,31900
2018-06-11 00:47:41.218,NltSkhwFtPBq2YWQijvcUferO-ntyZAw,2196,134,14000
2018-06-11 00:48:50.822,04iVDKAyu75QU3KlclcU2sFBtIkjK4Y_,4308,63,22900
2018-06-11 00:48:55.224,GtL8OOPamqU1Zv3f4_0KRlkPOC8_5exl,2308,100,38800
2018-06-11 00:51:36.513,rHYOgExGt-B6xy61wTurtX6RqHw8Bia5,2329,136,32000
2018-06-11 00:53:25.987,iqDmMkPEz1JZt23EKj8slVViG5bfLdso,589,22,16900
2018-06-11 00:53:47.690,adFx6A0JRr12P2z9wAFvnQW30hXe4vJl,52,126,12900
2018-06-11 00:57:47.193,5f4k2-AqBiyopf4duJbkj9Z3VCAirh50,2893,64,39900
2018-06-11 00:59:55.149,fzYSEyt-dm3f6E9ZzCvOEk9wgCm5CyyI,3520,60,32000
2018-06-11 01:00:15.079,DQcZe29zOiJXSxmOCHugMQ2kZhEFMp61,6353,22,14800
2018-06-11 01:00:17.312,c5TXt6HLd_bJ_mruxtKOZ0ze4zr0tvB3,3310,65,25100
2018-06-11 01:00:49.040,rchHhyr15m2QG9yIddJV1x8wn7qxe1RW,6180,46,19800
2018-06-11 01:00:57.826,sTsRY-v4vCxkEiwpyrlYyz3PSd4NNNI8,530,185,15900
2018-06-11 01:01:02.008,K79EkgR4V-sO3g3zTkuZMCKcvOjwHSlK,2301,61,34000
2018-06-11 01:01:23.772,8m7IyLvAgFqVOFyevC0JcDNPW_unCbOA,6409,32,19800
2018-06-11 01:01:53.422,xzQ0ztyouwETCq4AFQheW-qVmTOx2YgF,1367,134,18500
2018-06-11 01:03:59.430,ommz-_PpHiMLn2Fa94NvjBLGoUm5BEqX,503,12,12900
2018-06-11 01:06:01.875,UqJt2oP6kXXYbNCSD3HYdQ51EnOn3jG_,332,185,19900
2018-06-11 01:06:33.583,HyQ7oexKZ98moezMLplWruKqVatjljhR,610,32,12800
2018-06-11 01:06:38.400,gmq2z4a8kzVqyEzd96Hw4YYTx2uZJA02,1330,193,7100
2018-06-11 01:06:49.511,XAQWveQ3-abUkhHhb9Yje3_9ISQek1Bs,163,11,28000
2018-06-11 01:08:30.066,5gEZHwNHmifJaxLz4F_76-eR89ng-RsG,86,126,15900
2018-06-11 01:11:36.225,LZZ0ktGq6hW685TFAQfcGNhsKVUEceHl,2384,170,25000
2018-06-11 01:11:53.398,LnZGvC39g_Qgs11cIL84Jp2w7wC_nktw,5306,14,47000
2018-06-11 01:13:53.508,dcOJ18dH3FKRVYxkZ-53m-mO6n2Za97n,5600,8,12900
2018-06-11 01:13:58.638,Z5lf_vUQH7bqJ-xCJNEZ3cXCvhofI8DR,5486,32,26800
2018-06-11 01:14:04.789,bnWAx1tV0VYl-WIIabrfOn-tDvxa4DoT,2283,32,14800
2018-06-11 01:14:08.350,nXHLR-tF7uv2VEMN7TOZ3XCcQA_7YRlf,20,153,17500
2018-06-11 01:18:16.234,aJr2xX-zMoyTmTCJjLXT1cgP9sVmCNy8,123,126,16900
2018-06-11 01:19:31.731,0iGJ6o5tisw1QIvxL8EvpPqkCfRzqJpS,3352,45,14000
2018-06-11 01:20:27.478,1tMp-b0zm9iEuTHKcbfT1kLMe8hRMEUg,425,22,19500
2018-06-11 01:20:31.236,fiY2eGjLkANftJ5V_YqMztzsa2aKzcNk,2557,102,12000
2018-06-11 01:21:48.193,lNoYlCEvV0ijRamxg4XUg1j2sHv6mXLn,536,139,24800
2018-06-11 01:22:29.352,P4r7TInCyaUZCy6rTMjNdz_PspyZoySZ,459,126,23900
2018-06-11 01:22:32.378,MeELGS3DNHAg6iD3qYUhCiZxb689RJN1,1875,74,4000
2018-06-11 01:22:58.277,KrsPb_-RxzNFwebWZ1zSfpvzg1zG8g-d,1318,178,33000
2018-06-11 01:23:18.534,mRwe8UTS8kGrJXIQbX-HQUFieHcds4NN,5639,102,13000
2018-06-11 01:26:15.527,Y0CzSdPgQRI_qyfCcQrW7D5G0YyVJ7Mt,365,123,12000
2018-06-11 01:26:26.527,YC-VRaC10r2y8e5jDgXDi5TcES7-IMUu,2962,22,18000
2018-06-11 01:26:57.915,n38i4YJ_ldnrxDR0amfLeWBeDfhEyWPa,3289,63,26900
2018-06-11 01:27:17.912,Hx6uDI8NYCKU_YerjHv60ph0w5LdgB5X,3488,22,8500
2018-06-11 01:27:37.446,yp44cZCCf2iiTJJ20sQ0O1H1_rUPzwp0,4318,2,18500
2018-06-11 01:28:42.497,YG8bYwB2JhZR4vZdtQHcxPSQEKDLn0dP,1294,22,15000
2018-06-11 01:30:27.984,47Zsi7hdYWc0mkC8c-8fNJbjRm4TFuVA,5137,32,24800
2018-06-11 01:32:11.984,MLvKh00usrJi6aie7yeqdE8jMm3sD2Ir,4308,63,22900
2018-06-11 01:33:45.819,JcyzHt8XitzsqyA2I8I816BXOKc0_ii6,20,153,17500
2018-06-11 01:34:18.873,YOltdonnWWecBZ5dz0eWvdY9C3dIPYIz,1202,22,6900
2018-06-11 01:34:30.553,WDGXndNhLAGSSHTKftu9BBMOtR4PvQwj,4020,22,6100
2018-06-11 01:34:47.761,H_p6WcjTYCZYVULStQgpRjnWqY4ps-4C,200,100,20800
2018-06-11 01:36:15.254,8eOAHLTSXRJCNhYKGl62MSYPXGHj9IGU,6066,14,18000
2018-06-11 01:36:49.755,5h1ZrCOEf1ombUHCgP6j4IvFxIH4m3HZ,1543,19,39000
2018-06-11 01:36:51.539,L7caqlytSYXKjesOxidGtgpOfoHyC0VQ,2013,134,16500
2018-06-11 01:44:02.503,X_51TIztx8t6hwbHxjjiqDDYTgF0WOMH,4752,1,15000
2018-06-11 01:45:22.481,PFvv2ll4sGhA61Ht-TiEhl-mb1DvaY6l,4231,77,55000
2018-06-11 01:46:08.980,5YYCFDF_CORL4g-YPqFa8YGrZZjE6zyT,6594,12,3000
2018-06-11 01:49:00.989,XQh19QLxmutaN-F8u36y1HMa3_3sHshF,3117,91,3900
2018-06-11 01:52:04.068,b_ZXhN5aiP9vWdL27O6-z6B0c55LRTBl,5430,12,22500
2018-06-11 01:52:04.558,5gXZACPGSwq_EWIM2BgQEepEpv_rhiIL,6594,12,3000
2018-06-11 01:52:39.315,wiT2dtzG2eLv9sN3rAwL3hncLpCHlRM4,3172,193,8900
2018-06-11 01:55:01.627,hTbJehuT4gVq8JEatirY6r37j-5sk_ep,3154,91,7000
2018-06-11 01:55:10.065,kPiCs5YRzSPnI00iBSTBYLs7YZlvNY32,367,102,9500
2018-06-11 01:55:47.861,7WQ99wdVnP67JemzDu5jtdiGdC-y3Gl0,6451,6,27000
2018-06-11 01:57:46.099,hTbJehuT4gVq8JEatirY6r37j-5sk_ep,380,102,14500
2018-06-11 02:01:21.098,Q2GAeICFx8XbCTkxG11kFvT6bLwTeZCY,1442,138,8900
2018-06-11 02:02:06.508,Zdb_j_oJOmCE0d-0PY5QGZtZwSbo7vIO,2934,19,14900
2018-06-11 02:03:11.276,as9zA7hAKhWqzXHRvAoP37_3NkoOGUJh,1300,32,19800
2018-06-11 02:04:16.440,W-CvDQrB4uXbiGGZ8bUEW1Uw70rcMGHL,5436,102,23500
2018-06-11 02:04:41.387,nfb7qFA3CiI0rLMgkxteoXNyFPp7ZTzr,4184,21,13000
2018-06-11 02:08:09.210,HoOD3wEgU5ETq89ORqkOxuJTF3xOdubE,959,12,13000
2018-06-11 02:15:43.556,PdhsCcanvDszfAysiJzalzQRQbasWL7d,4099,22,8100
2018-06-11 02:16:46.080,YX8BaB8XjhNdHw0jWA6VnPVslW9-OSxw,51,73,36000
2018-06-11 02:18:21.815,yZWX1jd3yuzD7xUNRQjhIsmSnpU7aYIL,5426,12,9800
2018-06-11 02:23:02.453,ufMNuHl9t23qKlMWEJE9G5E_4OjSYFnO,6367,194,19430
2018-06-11 02:23:46.321,8GX7yaZCqzSH-bDdaGrU48W8wRmLF0ae,5651,91,550
2018-06-11 02:25:20.854,ExA2kZJXSgWcIytuyKhC3_8qTeRHrUCT,2249,125,23000
2018-06-11 02:27:25.941,C1ayUEUBzp6NZiy99MDyJuGMlNMV9tKF,722,60,32500
2018-06-11 02:29:07.664,dcOJ18dH3FKRVYxkZ-53m-mO6n2Za97n,3457,57,79000
2018-06-11 02:29:19.881,J42h3AQ0-RvCaPj8qvDtNBwPBvuOzQIN,1967,113,29500
2018-06-11 02:30:21.741,MRNFeS0sVveDbr_PGIlPqsXAyWaPxBaK,1172,139,44900
2018-06-11 02:31:04.375,Be4wRLM78WmGF2LWlM25GFdCL8p-KH29,1392,19,33500
2018-06-11 02:31:41.643,sL3IAx-RaYb7GaoKuNv5X8hDoEgSizjA,3636,137,17000
2018-06-11 02:32:38.140,9dtU33SMb1CeC0cPdh9e1X0vuPDOuAje,2863,85,30500
2018-06-11 02:34:42.123,9Zf6eQD59lkVoauZQoMjFGqjRYQmm_x2,2216,127,9000
2018-06-11 02:38:51.946,2wtWQ8KRCLrJOJKIeKSuQtFFDajlIq4g,2392,179,16900
2018-06-11 02:39:45.118,mKl9opX3PtXb8yHZFQLipPHqDMtIjej1,2798,189,29000
2018-06-11 02:39:54.326,gFDIdXDvUs0-glHy_YknQ8LAQJRCBc78,4871,69,34200
2018-06-11 02:42:14.177,Jq8mh1_hNOzwRXQW4YiYj3PQlkvHwbD3,4893,32,25800
2018-06-11 02:42:41.540,Q3b6sc9u8wQp9D8N8QP5sKW5zAY_aM2E,4944,167,31350
2018-06-11 02:44:50.569,VXtWuzDM8HFkZN7O-MgUKptBi2QuayH3,3367,22,12000
2018-06-11 02:45:22.541,pazItRO3pANXlu8aAi-4WQ5Xg7E77Kb2,5205,165,36000
2018-06-11 02:46:52.182,4zB0armWSKlrCz7_2KpiQFq37Or0D14o,5264,136,27000
2018-06-11 02:49:28.260,MRNFeS0sVveDbr_PGIlPqsXAyWaPxBaK,151,126,9900
2018-06-11 02:51:18.782,wEiXhciAD-iterbel0PByC4SuxZdtOKW,1092,102,13500
2018-06-11 02:55:04.612,QiB1nH1WGlYu_xgB3aSEc57O18XlTWkW,37,60,23000
2018-06-11 02:55:56.657,PrvAn0RayNBydGEHC1oVVYVR1Wa1n-bD,2435,22,11400
2018-06-11 02:56:05.014,ngy_wiMnbVERtXQgHbvFicFkRz596jaq,1861,11,30000
2018-06-11 02:57:35.152,68j0Fj-KJTc-yYKXwFyt7NnDCjsOsJ4M,403,28,21900
2018-06-11 03:07:08.628,RhkbkdW0nD2gQ5TQxdD3BBRnrxDKG5SR,2250,93,18000
2018-06-11 03:08:35.512,UylP44AkHGty9mTL5in0hAgSgcLaHl5M,2974,121,38000
2018-06-11 03:10:23.485,wZTttqyIOLPakbEbxdei0-gI-V0JO6qd,4308,63,22900
2018-06-11 03:10:27.658,xdbOL-KhFnvWaoj4JbrhaWV0TdVM8Ii5,2250,93,18000
2018-06-11 03:11:02.323,Na-4z77LL6p3ihr62MLBPdpnKgWG5rp3,367,102,9500
2018-06-11 03:14:12.988,rbJxXPNXBOmuVn5INinoKlbdZ3F-82j-,6468,130,14000
2018-06-11 03:17:28.258,HJNmMLa3bmz8VE0Ci1_KIpiTQ6vGixRV,2452,18,46500
2018-06-11 03:21:25.881,1dBeTGoClhinOrIwXA2ATL_3CLZfTcKy,4872,6,26000
2018-06-11 03:22:49.038,ZdPP7qHTlgzNOecSDFKOb2ulY6fvM4Pg,459,126,23900
2018-06-11 03:29:24.792,00gZAUnFn0Ask_plQ9OG6eN0Ze2EEoOL,333,126,22400
2018-06-11 03:30:12.346,UXr4iQTAUER1ITIrM5vyhNOyjbqWogds,5972,113,31500
2018-06-11 03:31:43.921,2lUgcVYWqZX_iSxyEwdx451Lfz7sN0FC,2577,72,14300
2018-06-11 03:39:19.577,Y-iDaMhzsfnPBIQMqG-uegaY6nHqWmH5,5471,91,550
2018-06-11 03:40:38.861,ginDgK7lssKdDjxOY1Tkru8n_YXXXkCZ,2558,161,19900
2018-06-11 03:50:25.473,Yo-fppvzRqJ0IaXxdxq1j8WOybpXdmY_,975,152,29000
2018-06-11 03:51:05.632,pZS8MIBeVF-UcBe_V6jY086KtcTv_H8E,1527,22,12900
2018-06-11 03:54:32.837,MRNFeS0sVveDbr_PGIlPqsXAyWaPxBaK,6369,145,52000
2018-06-11 03:57:47.359,X-8hR_-0EmFkClV5_HLdpSt-s-XQZSCS,2822,12,12500
2018-06-11 03:57:51.559,MRNFeS0sVveDbr_PGIlPqsXAyWaPxBaK,3049,77,25000
2018-06-11 03:58:00.857,AFL7yFVT0YRRJBeTBTptP-0r2vrQZ8fH,738,32,19800
2018-06-11 03:59:26.946,KKhjgee0i7nBVKpePciZfts6wULWcdmg,4938,41,11000
2018-06-11 04:01:41.326,2YXVnV1GxU2fp25TL26ZYmGVvaU3BP0L,3500,60,21000
2018-06-11 04:02:49.936,MJl3qQD1pJ7yH8PMSxzm9cYIUcPw3SvA,56,139,29900
2018-06-11 04:03:27.615,8GtINzJ4GpIBhtZW0CIa2mKHiJSJHleU,4268,22,17100
2018-06-11 04:03:39.156,lm0nmeVGh6gZvxf2OVlWyPu_lz-zsjJk,2862,60,28900
2018-06-11 04:19:42.918,v9Dr9iFtElcJ4RyxnrwAbasIMUmJBqAV,2253,178,33000
2018-06-11 04:23:21.143,hzD-F6oi6v2TMjF3RD8-elT6k8SwJBXj,425,22,19500
2018-06-11 04:35:13.691,aOMxJ7VvLmveEl44Fb2YSdsW82efGBc7,1379,96,34000
2018-06-11 04:40:30.536,X9nNV_VYXiOFubM0r856R-NbhTK1tDFv,1778,14,13000
2018-06-11 04:49:22.687,bGrPhTVk4E_GjVUD3WDdu9bkZqoK_1jl,1764,119,68400
2018-06-11 04:49:59.790,hoFfFBbShjBiO7fn6ddGhYUO9vENwq0Z,4976,14,13000
2018-06-11 04:51:49.045,hoFfFBbShjBiO7fn6ddGhYUO9vENwq0Z,4471,60,27000
2018-06-11 05:10:54.828,c0_mZZYSZzBOFIPKNZwHYY6tpjHDG82V,497,28,13900
2018-06-11 05:24:16.525,HZfe8KiMFQTpmYQZcpwZ5j59Ws7rWLtZ,2918,167,17300
2018-06-11 05:44:05.400,VDzu3WR_CCxopcivbgAp9jOf0d-WmVLV,320,138,12900
2018-06-11 05:44:59.201,dIl_39EJhw86fh2jgu6rXSskN8pp3CYz,6594,12,3000
2018-06-11 06:03:31.294,1WvmJ2K50lVupBdV8NDihwOabfqF9oTz,5240,60,32000
2018-06-11 06:05:37.074,WfGOtTntK6KWIC6lN-ZKUf7yF5_a_R8J,2888,193,7900
2018-06-11 06:10:16.463,miJ57lWEKzIzdtfygPTReqU-_M0Dr-po,6477,77,38000
2018-06-11 06:23:55.134,YSpGaPKxpY9iuhbjXplDiIIi-fdRqYGj,530,185,15900
2018-06-11 06:28:27.276,Gw82v7sKktVyOemf5cT7ViUjY_a1y5yG,2823,12,7900
2018-06-11 06:33:18.107,PQzlEuIH1at0IxOZdOl5cJ-h_GFZTJdc,1484,142,16000
2018-06-11 06:39:14.782,uLGwMb1BhDFypofu8a--6aRoeyJKeGNG,2131,22,12300
2018-06-11 06:40:20.286,4eV1w1ONY7N6PfEETef9a5Ic5SLZoeGX,527,12,13500
2018-06-11 06:52:47.293,eQP3wwSLBEyfCNooJaquF8AdxkLjCqdC,3994,14,19000
2018-06-11 06:55:11.333,Pnd57XayAdPWq5sF_5gNfUS7t8C1jwM_,4638,6,29900
2018-06-11 07:02:05.735,MO1gctO2k1ZUKJni29y2BWDHwDu96Hjn,5195,48,32000
2018-06-11 07:07:28.881,dFiHto-o91G8z6BEM1zTxFyh__kbE2tC,6489,134,27000
2018-06-11 07:08:58.063,eV-6RqbXKDE727X34IcnIknQX8TCD96S,476,93,20000
2018-06-11 07:09:51.118,Y7GdbrR_nHB3smnk-512KNFhg7oOir27,4972,2,12000
2018-06-11 07:13:38.286,VMcbv_svbZEsXyCwCBDXp7RtZ4k9mTSc,5451,134,24000
2018-06-11 07:22:25.933,UHI96P-kZgBiZnJn9hDDPmX7zKDz1efc,2304,14,39000
2018-06-11 07:32:11.545,Kirm_bKYv2wstepnQ6oLfYiolVmPHoM2,1894,125,18000
2018-06-11 07:32:26.034,OIZTbJKUbmvC3saS0XoCnU-yyheAN54p,20,153,17500
2018-06-11 07:33:39.823,ni3NQK35j-YaSxli-C_Sz7ZmQqOwMljL,2278,38,37000
2018-06-11 07:36:10.646,YmnQUSdoZxB0KQQvDMNgoyBSq80CcS-X,1517,138,14900
2018-06-11 07:45:51.333,2Y5loh8asrmXtYhHEu6VC7Cs_6R-IVnl,3866,22,23000
2018-06-11 07:51:57.279,41G373B8slNieX38YyjIvHXYhrwz06Nq,1408,45,19900
2018-06-11 07:53:30.719,dLI7T04tXenS37z5Gw5qBu6LhTlCiUgC,5776,141,25000
2018-06-11 07:53:58.688,2Y5loh8asrmXtYhHEu6VC7Cs_6R-IVnl,3329,12,11500
2018-06-11 07:56:23.012,tDsk2vtV0ljcIemiaFW7BSPpzfdW6GPm,6452,6,39000
2018-06-11 07:56:32.550,JMZ8e_cdVrrIExMKkPziA4h2pw5vSyRj,6064,14,47000
2018-06-11 07:59:52.408,sKTWOEgS368TmL87iNCX83zsJ9had-V5,5436,102,23500
2018-06-11 08:00:56.488,7GNJuAk31IkwMBc-Uq0_OFsWrjQLjta9,113,19,36000
2018-06-11 08:01:54.085,XZvkbMC8JixRo-bUwbVrlMHgG21CItAe,2776,102,12500
2018-06-11 08:08:43.210,JDuZ7wUkBh2mPNMGc2XtC8LVflXnjiEI,1482,138,9900
2018-06-11 08:09:52.313,6i5exdbFbsCuWQUGZEKF7RAhPBPRKzEx,2839,134,33000
2018-06-11 08:11:08.545,fmvmI9_qPuVMROEvpipZaKpkZ9tkq_4U,1202,22,6900
2018-06-11 08:13:27.459,HNLRYv1ppc8avTUR-PIz-_d2Cz3kH1cK,3910,12,15000
2018-06-11 08:15:53.479,CwC0eZcEc_nqkSFvsEfZcCK0NNKFXh-7,617,114,22800
2018-06-11 08:15:55.478,knu_tmCotkWO0NjUQlEgQ4ewZZgyUlet,6419,28,14160
2018-06-11 08:17:42.688,uCN6pBrxDE2NF8PGK3KKTpTywPFfoDdV,3367,22,12000
2018-06-11 08:34:47.391,HAg7QFWcLw0xUQ593oGH59niWRmwts7o,2679,13,33600
2018-06-11 08:35:19.233,VZKm9HHdJlMJS9bUqlEvC2Xqpa0g8Moa,1664,92,17000
2018-06-11 08:42:14.241,OvT-D0va6hTndoXRhV7SARKXCEB-jxvT,6459,11,18000
2018-06-11 08:42:37.975,GySuM_Z_eoK787_9l3Z6_P-oQmyGY08D,4695,189,39500
2018-06-11 08:45:01.261,DHNyHdN8vO7Fa9WaAr-fPE9xoYfOFG71,4449,28,23900
2018-06-11 08:45:54.382,HAg7QFWcLw0xUQ593oGH59niWRmwts7o,2759,137,24500
2018-06-11 08:49:28.677,dhmXo3CSAF9OZoFElDKaUxjyFSLE32oz,2312,145,37000
2018-06-11 08:50:10.279,9qAs9vvvBejGXc_SML1VS7QwOyOQmJRG,2332,2,17800
2018-06-11 08:53:11.205,UIvp-6ss33AixATQzTzxRMBHe0NqrQ6t,2153,63,25800
2018-06-11 08:53:52.196,f4-0sAGGJdlIYv96YpnY-JMtWuuln6BI,6149,15,19800
2018-06-11 08:56:13.935,PtXosRVrizWiKpC3QnF8NuMQDSvnLQId,1264,126,17900
2018-06-11 09:00:33.882,ea3ikPdBJlYD-lhgwS2OwaWykrxEZZlu,2600,85,22000
2018-06-11 09:01:02.654,SiO_7VZoJyT47R8XKupFzY7W5CMlgecK,5412,184,19900
2018-06-11 09:02:43.765,FpahGl20b_LXqR_udPLAtcq3cy1nfsMk,5756,60,37500
2018-06-11 09:03:52.636,uhsTJEfXq0yPc_M8vvVUkz2sMzLyHgSR,1269,92,22500
2018-06-11 09:09:11.394,2R4ghmq5-U07M1cEmRfvzgey8qTJs0kp,850,17,12900
2018-06-11 09:09:12.285,_O_ISFGBv__MaXoP5ELqtK9slOtFu8ua,3511,92,19000
2018-06-11 09:10:57.767,r8PDLNiwGhyygK2niSPqHulHlJi6z1u9,4038,141,27500
2018-06-11 09:11:10.184,-bW8vR_yKhs40MmASelnYoyY3daCIMkW,3805,6,24000
2018-06-11 09:11:34.916,yB1IHG1iccrbwSa-w8mqwvq9hppbZ0rB,3449,20,35000
2018-06-11 09:11:53.308,SoSrg0MbI9poGs0DWBk3zwaUsAbHKBNd,494,65,35900
2018-06-11 09:12:41.785,OxI0aM5Jq667txjr1AlGIjldItzP91Wr,135,126,22900
2018-06-11 09:16:47.212,c8dCdnNjZpPHNSkKhdhRjIwccd3fZ05b,4539,186,13500
2018-06-11 09:20:34.235,cmke5jyMT9RgvJ_l2fXs7glCGj72cgxE,6101,3,16100
2018-06-11 09:22:22.476,zymqXr4nryoIrj8e9ToeLoNbnOfCvcsM,1235,94,26900
2018-06-11 09:23:13.350,bJqxOp5TciuVK0QxElAvM8fB7sItj44G,4242,11,20000
2018-06-11 09:26:26.023,7fpec_Rjcv0_g77YTBU3kAWYk4oCSP6l,5661,79,39800
2018-06-11 09:32:23.479,tWrWPSxZy3wO59bzok8KvNnNPj0QdwZd,1017,28,18900
2018-06-11 09:34:56.582,0h770WXoLOIoR35Q4fICQHfn77GJK0vq,415,32,14800
2018-06-11 09:37:43.435,qYD17xRc_whHuEQzosvcxxj9Zb6yaZlB,3851,14,39000
2018-06-11 09:47:49.086,syhHznG49CO-bh9ZWDqbAcTR0-S7BmA-,2825,145,19000
2018-06-11 09:48:32.022,QFOWmrqfxtGYxa7e-ygcs8sJWZq6bDVo,55,22,11200
2018-06-11 09:48:42.388,uNwLUiOTcbxsiecO2Ok-7AtRXv6w_q1R,5932,103,41000
2018-06-11 09:52:32.217,IVPl1eV1mtUhKgPxy96k-3maeHN_wv8G,1649,11,42500
2018-06-11 10:02:05.885,BHzahQbtlCFfdmRF5viPr5O2uLvXdF9W,1808,6,27000
2018-06-11 10:02:10.246,yWjiKxcMwB65RJhBBtDhQYGMqxqEJK4O,347,32,9900
2018-06-11 10:07:55.634,CFzpkYRAiDTNr6_I927UDtDGTdHY8D0X,2849,28,23900
2018-06-11 10:08:16.691,VRy87TitdcuWzk0KsDr4U5_CteemHcKT,3367,22,12000
2018-06-11 10:09:35.206,QWDbyeTLriQmS2oQVeLvibNOgU7Rw4Ct,4092,100,36800
2018-06-11 10:10:27.857,nLJ0Jg-ahLUWwjfW3v3LdHO7K1VH4ckd,6690,7,32000
2018-06-11 10:10:40.716,AWOnkJjteuW_SQHdQiqbyk1cV0DaPNFF,2158,197,23400
2018-06-11 10:11:56.781,1wGcB92Cw_GI9rIDVazzOPVoPJ_JeG-K,3449,20,35000
2018-06-11 10:17:17.174,otC7dgrTJVqKGdEintp1dOoaJWu9WdlB,6669,80,29000
2018-06-11 10:17:38.978,YqAeU86haE6xdir4Pyinqh9vum7QePm_,3793,100,41600
2018-06-11 10:21:01.526,tWrWPSxZy3wO59bzok8KvNnNPj0QdwZd,1628,126,20900
2018-06-11 10:21:18.755,KcTwwtfpSQ2pQydjyHpnS5zBvDfpHDR4,1304,60,12000
2018-06-11 10:22:44.356,PAGNXdg436sdj3G9ZEQnajbon3N5Bwhv,5303,46,19000
2018-06-11 10:23:40.964,yS32yPdu6Rp1zR1ll_rDKkAwAdLP3hRG,2307,113,12000
2018-06-11 10:23:44.473,sNrDWbnDDJxQm8LcSSbpcIuHI7R5SYe-,3277,162,43500
2018-06-11 10:25:19.584,CUMs79jJidQmFmmHCbqT2QQ4fuPastw2,6417,28,22710
2018-06-11 10:27:54.971,JrErtlyRQkKb19vA-98ktHKeCuFHTb6o,2084,152,22000
2018-06-11 10:29:24.083,ztje_Kf2yCJdbzRLvmWUIfvaW7TbBDto,6061,14,54000
2018-06-11 10:32:36.260,eO7aAqa-kbXQgho6XVF6iJeEO-pM7txF,177,182,18000
2018-06-11 10:32:39.077,6sXeR2_3QDv_G1Zp18yC848XraKgxgvK,5964,152,19000
2018-06-11 10:36:26.154,yIeogfPx0stcCf8h1-sZFl-XdjNESu14,2512,145,41000
2018-06-11 10:36:36.030,90Lvecr6Y_m4Mz_BndEBZyr1qZpXfVj_,1033,139,38000
2018-06-11 10:36:37.479,y-aaTfitv9QXrNIUBqrV-lpfAse46z3x,4688,137,37500
2018-06-11 10:40:44.796,OeJqnbOgCiJC4A7I4wOy4Ec9_Sbt55PB,3203,19,33000
2018-06-11 10:40:50.020,X-xGRKmQ2D1FIk64JdWA5jNXkt6KptcK,2516,6,25500
2018-06-11 10:41:12.433,3_IMM_g250HQWsDOXnlgjP_cY9mzJUtX,32,11,25000
2018-06-11 10:41:37.808,LEBQZcXkGXhqTBQIaBq_t2r3PmX_LWlN,530,185,15900
2018-06-11 10:46:17.919,0ssxm5cQEJgNRBRIH4qAsqRc0NnsP_oN,3099,126,14900
2018-06-11 10:47:08.907,_XzxiTBK04TYnnGY4hCqa3t13ZNMzcap,6586,83,26000
2018-06-11 10:48:17.339,71KcCsm180brUD0xrpZKUmpnkGi1F2OO,6061,14,54000
2018-06-11 10:48:39.996,mKIqszojT45x7UXBIXEvaYwBh5A77TEK,39,126,9900
2018-06-11 10:53:01.278,_kVRxPPkLc-EmEGBeyX69cBd3kRQPofV,4691,83,25000
2018-06-11 10:53:34.715,hZrcB-RV5EqL94ysDGcrQ1TZKlhSeS7L,6365,22,24700
2018-06-11 10:55:59.705,9v8ntF-FgJlBBK-wAuJ52DhnX93PcpEA,2733,188,15900
2018-06-11 10:56:51.150,FD23hQaaVurhglOeZFQOV55mb4YM0xxP,8,19,15300
2018-06-11 10:56:55.197,hHvBYSjdRJYo58MWAHyx7mctpSIiHVmj,2603,11,54000
2018-06-11 10:57:58.606,c8dCdnNjZpPHNSkKhdhRjIwccd3fZ05b,3565,2,38500
2018-06-11 10:58:04.818,MyIu9mBdku4PYHL6VJXx-NB4Qkc3jy-f,542,12,1900
2018-06-11 11:07:03.367,CMTgmMjFBkeBROihtg1daXjQiNo4_A7n,3277,162,43500
2018-06-11 11:10:27.812,UJuWF44oaNi89DoT5MSInFVHu91rV9u0,3655,22,12300
2018-06-11 11:11:06.397,skCNfDcsqVa9KTuAofemH145YcTmy1Dn,5967,82,29000
2018-06-11 11:11:40.876,Ewz2n045BIM7JXX8posui8HXWKnKdtgF,5121,83,34000
2018-06-11 11:16:39.679,ki0waw9lt_Zx5_R222s_tZuJwKQQrklS,125,42,27000
2018-06-11 11:16:44.959,j0gMUlUxJvWKGP6a5-XpxrdLf26me6UU,5483,32,27800
2018-06-11 11:20:39.942,USrSvgqR_A2pSU6n3x0a3XB8o6d8a8H4,3641,167,13300
2018-06-11 11:20:42.448,av5-nmquK_-tzXx4co5gwxAhhmcexA4O,1300,32,19800
2018-06-11 11:24:19.809,1WF9sIGXdgCPXFGqfB6ad_YwDNYKcmUr,58,126,19900
2018-06-11 11:24:22.411,GVDsiUC_u2qRvNV3NJdfyMH6F9nRthdP,5219,22,12200
2018-06-11 11:25:21.263,ygG4scSAo4lsixcHpBEuXrhePN2hY6bb,5221,22,7300
2018-06-11 11:26:33.208,3_IMM_g250HQWsDOXnlgjP_cY9mzJUtX,1938,29,21900
2018-06-11 11:27:17.745,pM-8KcAdAvpUlwSVgMbgzDdf1nBfyAyF,4729,94,32900
2018-06-11 11:28:56.849,HL-fHEh_pJnMF7HOjgSrYfpge1ygC-xB,1652,22,18900
2018-06-11 11:28:58.498,YuCIXMcLoRXN9ey62zuSbMXW_pf_nVgu,6582,83,39000
2018-06-11 11:29:20.981,xmd5YRr7ZgJICr9EuvQDhXu439uo2dvU,2466,197,22800
2018-06-11 11:36:53.888,V4bZ_0xd-EIRU6cuHilbze4G0atbnlkT,1462,2,16000
2018-06-11 11:37:54.046,-4O8WnD8dT6nWho-4KbIm6TvnK4BmjX_,763,189,20000
2018-06-11 11:39:25.769,J13VA-BCNiQu6htC7R_kmfVRBvbj69hd,113,19,36000
2018-06-11 11:40:06.359,U4FA0Dv1fqOQmdNnidIdPFQPagnU46uD,3058,22,9300
2018-06-11 11:40:38.308,DWuXj8ivQJ3lEflxFUv8BuDSktVht1m0,1167,19,13000
2018-06-11 11:41:17.898,4JZfHSGAa50K2jfJ-Z0f07HzjcZxo9TG,4477,121,34000
2018-06-11 11:41:39.479,vmtgLyY4Yjtw1vT3zg61OghEcOTOrOGe,1085,6,34000
2018-06-11 11:43:10.105,Ht8qEhpFgoE8WmSeaIBkb8ehkRwRnyGz,1356,102,11500
2018-06-11 11:44:46.082,EtC-fvzkG0U7wV7I7F-pKABsn4VGaZ2H,3683,125,28000
2018-06-11 11:45:40.070,PpNtElNzf364BK1bp5t9Mx73jJndxC6y,6503,26,83000
2018-06-11 11:45:48.988,9DHLsuoE7BpK1Tjbr8GfvZM1IKxJSjOo,4243,11,32000
2018-06-11 11:48:06.287,X5BnUt2Xo7kp0cIs57VjlRZHDe0fu-F0,2776,102,12500
2018-06-11 11:49:16.274,SAl0GSKI9I1VHTowkpjs53r2VplZJeip,2156,94,26900
2018-06-11 11:51:11.533,i2FdKxopxfMtEFRN2YxU9Vh76OPFResB,3572,96,35000
2018-06-11 11:53:17.890,V4bZ_0xd-EIRU6cuHilbze4G0atbnlkT,2091,14,25000
2018-06-11 11:53:23.562,xIXvneaMLvKiJG2u-JVEe0uHyFXL2Rfj,1644,68,31500
2018-06-11 11:54:04.329,NHgZVnVmwJzjctCVEkj8HayXpL-golvE,331,124,20900
2018-06-11 11:57:30.070,PtU7Vz2go4mh5mFneI0UsQRK73O9QpcI,3945,85,43000
2018-06-11 11:57:53.170,bhdPjx2U0oVS5fLq5MrpSjNxh4oUY5qL,2593,32,12800
2018-06-11 12:06:56.229,AExAu2Xr2l-ueq2q2OnNzDMQBtQd96QZ,3139,32,26800
2018-06-11 12:07:02.331,MwVEjIfz-9uR6lz71K_CG9BzhXJHv-1Y,4060,60,24000
2018-06-11 12:07:47.918,0kQZr5aGOvPtUXhy8CdCw6K_-ZN0JQR6,3286,14,37000
2018-06-11 12:11:57.073,hUu29bPX5azXSUMuiZb9UZa_De0Y0KmS,2880,168,28800
2018-06-11 12:12:22.501,S0OkdqL00avDPUPiVI8C1E6D4aZM9zTH,1521,22,18000
2018-06-11 12:13:26.141,tlO4GSfveIFjEd9XiO6BEN5HuaeeCbs5,5650,91,550
2018-06-11 12:13:29.230,p4EsMHUKi1jk9LSmbivSPqLKGvEVoqJI,5263,143,23000
2018-06-11 12:14:06.265,V_A8Wkf5K9m1GQ1QrjvHXEf8D_uO79Ob,5965,110,38000
2018-06-11 12:16:37.406,2VMr0CPWDCYFD1fJvPVNlUxX0r1uj-e0,1648,11,30000
2018-06-11 12:19:01.939,p2D2GCAIAcGkJKxEJ1W3byveAU68qYoS,5109,65,47900
2018-06-11 12:20:49.238,rA2ME74huqD5DPRCXSGFGzUyL0D41B1f,3709,148,27500
2018-06-11 12:21:19.222,RWEDTLLkIUVuQQI7ZcEIXMCLErHvVL40,5884,32,19800
2018-06-11 12:21:26.618,k3Wfkl_NBska1-nPvFXLsiqtuexHHpxi,1083,32,19800
2018-06-11 12:23:21.390,WUC7blRwr18oo9qoPB2YvZ-1C7XIxvj9,6842,117,27800
2018-06-11 12:23:50.484,fRh8msfjmmu7f5ifI5WgPm4j1EyG42M_,3928,15,34000
2018-06-11 12:24:00.834,ZU9aRT-f07yzajMfinNuSPzARKwSmGb-,2763,76,19900
2018-06-11 12:24:51.048,S3FJdMi8jDhtx67DWV-TbSpvyh0xrdDU,2235,2,36000
2018-06-11 12:25:11.251,6LSgLAsJtSROA_QrC50rCn5Rky0bI3aY,1655,89,26000
2018-06-11 12:26:43.321,dkwpbZFnCLT8irvBvFOCafi6JTrHyzTi,3791,137,22000
2018-06-11 12:27:17.843,qMA7CHC0Xy1b16LhEbgnEQn66Hmp_edA,6584,83,26500
2018-06-11 12:27:18.918,rOtpwFR7gLmk3nBRyvjK8AKitKnAC3BS,4792,46,49800
2018-06-11 12:28:56.644,g6e7Olc7oAKOccVGrFPgQnqjUFmXlC32,4114,92,22500
2018-06-11 12:29:11.599,jQSejDlDeNOTKx133RyFUaCTNZKzjhoX,3367,22,12000
2018-06-11 12:30:51.341,XjdNp8D3i6gd57wtLYjkrUH4FN3iQGf-,52,126,12900
2018-06-11 12:34:08.505,b5gyGZmKmPhzuE3uwASitdHHwXtcX36m,2046,41,12000
2018-06-11 12:35:45.816,qbsn8LeWEzQO0Z2_A3XHHgyTDuEFwYcR,5286,14,52000
2018-06-11 12:36:25.636,DSgfNk1vJFVPqEXpDwTGkvnWlRZuTqiT,2028,19,18500
2018-06-11 12:40:24.792,2QXAECqExTyMajnU46SuUXl9OrIsONcb,4130,121,37000
2018-06-11 12:40:31.420,FTK4No1lfrV_INxiv9a7e90il_YMV42A,3775,93,32000
2018-06-11 12:46:50.689,-4O8WnD8dT6nWho-4KbIm6TvnK4BmjX_,4345,19,47500
2018-06-11 12:47:06.256,DjKXMVFBHXAHeUjLC7T484fwC_uvL9or,6575,190,37000
2018-06-11 12:47:55.035,_XJE9xWDMaM-JdQv1dmlE8pEVOP3T2LD,6125,1,40800
2018-06-11 12:49:30.034,2Fj-wtut6ib3GxItwIFRFVsJPWso7QKt,2767,22,24000
2018-06-11 12:52:52.852,zLrW10E2Cdiop1vrhCzr1eOhfTdkfBS5,2995,19,29500
2018-06-11 12:54:04.932,-K76uxrcXqUDULcH-OKfoWxfWrH7-bYc,1243,146,31000
2018-06-11 12:55:03.242,VYmJ24P6e48K2vLIl04tP_RerD9g_eTW,1300,32,19800
2018-06-11 12:56:27.867,MnvhmV0tA89bN9TLXgRTbLza689bTkT9,5513,38,31000
2018-06-11 12:57:05.870,kLL7FBXjU8-nEpcw4mzxoqWBMFgbIaB4,695,63,29600
2018-06-11 12:57:35.744,KHagTMEYI4Vj2sVhg-FmXJetK3LaCI5V,2171,25,53000
2018-06-11 12:58:07.814,wJnsvYnvlTuOTirsQ-RePxrCy1-PoEFh,997,64,39900
2018-06-11 12:58:20.969,g6tjyhwUbZmASHMm9B3pnGmVbuS4cGNf,52,126,12900
2018-06-11 13:02:35.166,kq76yPiloUctraWI5Y03FR8roGYHh9fj,5877,32,24800
2018-06-11 13:03:23.550,vW-rYe9qJsuN_lOZh0qYWwyZ83jWtucs,3386,126,11900
2018-06-11 13:03:58.341,7e5QP7mw9F3n0AaIKByIPBa_Hi76vqRy,5151,130,49000
2018-06-11 13:04:28.474,pKoa_C--Zm4R1H0Vw-cEIjZdBEKkVjin,121,45,9900
2018-06-11 13:05:38.966,dfaSwzEdWoHNc_1IJHdhxEcbmx_g_5PH,5934,46,19800
2018-06-11 13:06:22.241,5QkEjzSnMlXfnnF044bYN4MRjQmpjM5V,3233,144,27800
2018-06-11 13:06:40.317,f96xowDI-wpz4OLYu5RHKGVaXFG-F1Om,3260,145,25000
2018-06-11 13:06:54.213,aOIcGjvaiQ8nhD266wZfvdLk2Y3lSMEK,25,6,32000
2018-06-11 13:10:12.066,X7p6fJ_p9qTYdoZhiE7ORUSRwbz7oVlV,4997,52,35800
2018-06-11 13:16:52.498,DVQX1lzF6gO-UD2Bks11u_Zb123NnBCf,2135,185,12000
2018-06-11 13:17:54.514,cIIN3tZ_5mNoeqir_R9fuPR-Gbnu_pbK,3137,32,24800
2018-06-11 13:18:01.893,dtrUUBM0sONIWX3cxyv4n87GDXDKa1UR,2093,63,28800
2018-06-11 13:18:04.165,_n_JqvYVucrBAWVla_puJmNd8UrUQS0w,6286,124,14000
2018-06-11 13:19:03.814,BYP69fK00NoDzUiWX2CgCCxoC68Sffez,916,18,51000
2018-06-11 13:19:04.727,XJSaSWaoVIy50favRXzoXacJ5gZ1qr1N,898,152,13000
2018-06-11 13:21:07.512,7MDDEBPkJp3wZ6yc5KkN9aETw55w8Mx8,4308,63,22900
2018-06-11 13:21:42.807,-mfvXk0bpG9FF9BxhtsPO2oIPbLzpPtM,6429,185,11500
2018-06-11 13:21:50.370,wE5bkm8BjrYdXjxckc3GGZoiBKetwW8M,3603,61,24000
2018-06-11 13:22:35.344,cTNpZkfeJQJruzTJkwLqVGKXE5FLpg0l,1594,100,12800
2018-06-11 13:23:34.733,puighrkPGlVkh0b3v04464hwQiWaCZoj,2205,43,23000
2018-06-11 13:27:27.864,nu-lnlPclXkk8MEU8dnQekxfcJAxnund,3272,60,24000
2018-06-11 13:28:16.743,0NunOZYHrDHIQBSTzia2t2ujljWeFIdU,55,22,11200
2018-06-11 13:29:28.753,zl8T_AFXaFkYU6RQI2vga5BZz9GP8DWS,4248,185,19800
2018-06-11 13:30:50.631,DVQX1lzF6gO-UD2Bks11u_Zb123NnBCf,4799,18,30400
2018-06-11 13:31:17.156,hlj0cbIh9sRijy2vVVHUXet0421DU3i-,3641,167,13300
2018-06-11 13:33:09.505,NgZjJaTytkLcek3s8XuvBgtpNygFE21F,5450,136,45000
2018-06-11 13:36:56.445,qzgo2gAKnf1JFK1kBRJ5lpwIyNX73zy4,89,22,9000
2018-06-11 13:37:38.058,Bcy15-oW3L0tLgkiEG1ubT7aWXhw9hi2,4460,89,23000
2018-06-11 13:40:58.133,EitTUkeGdLFnbpKIs9GMAk0vAyfUTkrM,3311,65,29900
2018-06-11 13:42:29.720,ywqUQHiXqJO26rGyj4VO_j5h6gTU3M0A,2399,46,38000
2018-06-11 13:42:48.993,79yrxHqZZ4oHfNudTAruuwsMSW1kMg6s,3642,134,33000
2018-06-11 13:46:42.390,0wh_rlOMGI9bIUwE3opajvEY1rx2CdRA,202,92,19000
2018-06-11 13:46:49.296,nhNqea0rsdeM7t1kKWUmnX3VCRsUfNKp,67,126,27900
2018-06-11 13:47:19.085,hArFiZgVKp6fhMqPjnW5yE_NGK-YUZ1O,6266,124,18000
2018-06-11 13:49:06.620,cyg5W7JO_puwMhPkKOcd6D9nqAtDD48x,6352,22,15200
2018-06-11 13:49:25.073,QIH7WuxU8_TXsryOqoFdxhVrPuDHCwj6,1755,64,39900
2018-06-11 13:49:30.815,KNsZaak7xCM_4C1cFVavg18ozYRgk3mG,2593,32,12800
2018-06-11 13:51:47.410,RsbXolkRMsNn3URJ1tmkQDLs1Cp-xjxd,2476,65,36900
2018-06-11 13:52:28.099,1tyxzqtsqIjOw7x89shkTEIhJYfKUt9y,2852,22,11600
2018-06-11 13:54:08.241,ENt4-rnwWwTQC9uqMjE-95-n2b2qwOKz,5107,65,34900
2018-06-11 13:56:02.773,Rvtxo3lthueR-mPLJ_tUlF6rz4pRhIcu,4891,32,13800
2018-06-11 13:57:23.646,BASXgrXw7MQL0QfuaQZERW2YPxtmHaF4,1191,77,17000
2018-06-11 13:58:13.133,xelXQEbAsQfEg8luY2YXJNGUITlBbesP,2449,89,15000
2018-06-11 13:58:19.405,oQTHuRAr-tnbdrSVoPfB9uzGEawNj7u6,6579,83,29000
2018-06-11 14:01:38.091,NAZSdyGooqIOjM8AZgTdb15gAiNU8w-9,2152,63,34800
2018-06-11 14:02:49.654,Ji2GPucTaenlsBaO9LcV5Kl8cAQBCwnA,3482,138,19900
2018-06-11 14:03:50.001,EcK1WpXQEtvgW82Ub_dt1HHkEucEwnGw,272,126,16900
2018-06-11 14:04:15.884,OiUA-D0dXjg-xQf_qBYN-ESSRs8T0Gge,149,22,5900
2018-06-11 14:06:25.772,HEPoh8gVLvVlZ8CcIrOMEUOxGDF7DX9z,2680,6,24000
2018-06-11 14:06:34.468,8BPX3r2hirLSnvPm_LsceYugzrU3vYgB,1651,124,9400
2018-06-11 14:09:49.372,zxv87uhrFC3lZNQzW_UM8RNouuW5vwqr,5090,64,35900
2018-06-11 14:10:57.053,-eGH0rie-miqE6oRMLTjyCkZhUWJh_QM,974,32,39800
2018-06-11 14:11:21.664,-4ltLPS55n6J2wSUCLxEZwxYdeW37cK5,1753,100,10900
2018-06-11 14:11:53.932,WLFHVuFN-ejNzcoRz4kz8pnFgHUBVFp5,1511,139,72000
2018-06-11 14:15:48.528,2VzMj2uPU-SXbs-0Zn8lZLY32PusfEnv,2175,145,26000
2018-06-11 14:16:17.204,xEFVHhme3vNoi4FkOMzjlv6wkjKpEh2p,1377,162,24500
2018-06-11 14:16:21.067,enI1zzjakjWJuMlHN0eKrdflGCV9B2xL,5217,11,41000
2018-06-11 14:16:49.282,J13VA-BCNiQu6htC7R_kmfVRBvbj69hd,3104,184,12900
2018-06-11 14:16:53.495,3b8Zo_g7sLWXj3LyJ4fS6DgWS16ERx44,6591,96,33900
2018-06-11 14:17:42.381,fYHpMIbtwo3JQ8nPnkD44DPH-zsNcsq3,1884,41,15000
2018-06-11 14:21:55.352,19aRDkVkz0c0jRjkuPT7el0ExIB6CTIO,1609,32,3900
2018-06-11 14:23:21.550,O3gproCQ39wbmjvB3s5WOiEa7zHoCCkI,722,60,32500
2018-06-11 14:25:09.904,KnY0_80nOJCedfSVX9sFk9Ml0hnjVXpG,4913,43,24000
2018-06-11 14:25:17.228,KjGwxnm5R_pyit-qwbi1ELJrZsH2phBw,3369,134,24000
2018-06-11 14:26:28.746,1Sc5Z0wfPctbwkk4YCUcc1L6nChEDZq_,157,126,19900
2018-06-11 14:27:00.827,hsgEcFECBQbCBIT4S1ZaM3U99UgSDHvR,6360,22,18000
2018-06-11 14:28:21.868,5eqm1_9Umcw-W9OpEw_2caWX0g__w_ta,4715,14,32000
2018-06-11 14:28:58.831,eu_g2bgllyMKBXTpaPlijSPK0IxPjn77,1998,11,48000
2018-06-11 14:35:00.372,aCcSZjqmspfiRXxnLZkNQpQhutEWku8z,4557,152,36000
2018-06-11 14:37:11.917,7jXVOdJm9SjsjJ3JhgfCIOis4K66IWVk,359,100,31800
2018-06-11 14:40:35.453,ccd-c7w0iE1c3VvHE5LMZflyvvLGLC3Q,2257,60,15000
2018-06-11 14:41:49.943,muU0Jvic1MkVAaldPWbrlQs5YnYjZ781,5321,63,31400
2018-06-11 14:43:08.207,2yoE_ceHn4fZdo4Btojp2C8x4soikMwx,2820,93,10000
2018-06-11 14:45:17.269,8QmEwpFcRhB131Yji-fKLaO1V-bIo6Dz,3283,3,18000
2018-06-11 14:45:34.603,jEPaJ_6KrtNSlvMWLqEyfcMzRCqugr4h,2989,19,18900
2018-06-11 14:45:48.790,UsaxEkJ513kIIim2uH3rjnMjzeHmdw3G,4185,134,24000
2018-06-11 14:48:50.497,zeMX8hea8nhbyA7qBpFTX9-mqx0-1r1n,3852,14,21000
2018-06-11 14:49:05.239,LImJrmLLwdzHl0DL2eaUXuvXPPmK5fl8,2205,43,23000
2018-06-11 14:50:34.452,TmP-pmifE87PL4YCHdEjnglgwyJxb8_W,6566,163,22000
2018-06-11 14:50:42.763,yM0K1EP9F4QhpNBTEUKph6v-2FqUoz1J,3978,41,11000
2018-06-11 14:51:42.910,3zBH7k9Y-3spUaJi1xY9tK6HvL8Ye_at,4356,141,31000
2018-06-11 14:52:49.461,WwAH3s7qV9AI9K0qodYZ6XQvnvo7TmtF,6895,22,6600
2018-06-11 14:53:12.556,B9F_BHH9F3b6MW329go9jDr71Uunx629,1798,131,17500
2018-06-11 14:53:36.561,98NWnqNyLPNZQE6qzILV14uL-EgDn8QL,2277,48,103500
2018-06-11 15:00:28.066,aPxgmx0ZDMInPp4q8aMCDMkGRJ5QZE1Q,4308,63,22900
2018-06-11 15:00:53.142,eRG2XzNWNeI8UfdupXQvQLC_LTIWcwNg,3297,2,24800
2018-06-11 15:02:54.488,aPxgmx0ZDMInPp4q8aMCDMkGRJ5QZE1Q,1615,84,12000
2018-06-11 15:04:45.730,kzW3WIkBna_3Pohqqv7VIBrZk4zf3It2,616,114,21800
2018-06-11 15:05:37.513,M1Je5wLeChPGhusLpVxUQUszF7vrT9ET,4884,22,8500
2018-06-11 15:05:43.128,bkIMdaJGnnb0FvIDuZqjfLdLmL6U0bX9,459,126,23900
2018-06-11 15:10:01.802,eRG2XzNWNeI8UfdupXQvQLC_LTIWcwNg,2852,22,11600
2018-06-11 15:15:34.940,ThyeY3SqIjIgV2HD_28Rs0-ppFiVXMfx,273,126,16900
2018-06-11 15:16:35.298,kyBqWn3kwp74HXiN2-36rPt3D_Rfh_CT,3584,96,41400
2018-06-11 15:18:53.013,BMitHJ9PlsL-NcNIscFbbyx--3ou2WXF,2151,14,22000
2018-06-11 15:24:56.528,X5OZBFdqZ89LKl5E8nnsbQt-1uIXrKYp,2054,153,29500
2018-06-11 15:25:38.297,Px6ZV3uuckAfe5XswolASM6dZASM8eoC,4308,63,22900
2018-06-11 15:28:18.994,55l8n4HWKEd4ZYM3TFwkqu1CLqDoct0j,2317,28,20810
2018-06-11 15:29:19.235,9BwbKuFZZRJKU-fbHHE-JtcGpf6opFMJ,6882,46,42800
2018-06-11 15:29:55.936,pc1yx0dGlYP8mSCmq09mPrWw2C5Z9l20,2969,79,39800
2018-06-11 15:30:50.646,LtiZSKz7SQL84Z9kxLWhYWvWkrwuCDex,3252,5,9900
2018-06-11 15:33:09.270,98NWnqNyLPNZQE6qzILV14uL-EgDn8QL,5591,31,40400
2018-06-11 15:34:40.321,mH09M3TxyvPLtiNZKfYceOuOeo_iow8f,6497,34,31500
2018-06-11 15:36:35.894,qLEn7yzTpteivHAPzjnv2sQ8xfMIEQGm,1424,83,25500
2018-06-11 15:37:06.811,P9QQCWwUbrTjoBd669fNmC-wF8FB-Wiw,4439,22,6900
2018-06-11 15:37:12.279,IUjemJvHmkEEqXY7zvG-aSKxVioc1jmz,4127,83,35500
2018-06-11 15:37:15.911,D3G_IbzFFvHAyHs3wGhrZrQwTA52NrdK,5303,46,19000
2018-06-11 15:38:26.915,FpN88fo2zMvPmL2UfoUz5S7C8hveWbUk,4088,6,29900
2018-06-11 15:38:52.055,z8evpJfICYoRlI-StBX5y8E5_NlRx1Yw,3185,100,21800
2018-06-11 15:40:13.233,ENSuXR5tu3Kn5rRH2Ny9-qUFm0ytC_az,64,125,18900
2018-06-11 15:42:11.196,CdShN9IJqckSIBUuu5lTj9PadDqe3b1h,5038,22,3000
2018-06-11 15:44:46.483,SiF-fubnIFJ1Fz1rV85EQWFm6nHYBGTq,145,100,22800
2018-06-11 15:46:16.377,-EzeqHwqCE5w2DcivhEZT6OcjzIe-BnO,3359,22,12200
2018-06-11 15:47:09.781,ll42voAX6Au1-_QfNg6Gci-WGVkX9eLt,289,28,7950
2018-06-11 15:56:22.621,vr_aRnlwDfdrLrTv_75tJKsWaJQzYG0c,530,185,15900
2018-06-11 16:01:32.589,GW-eZpMaX1YlcICIN4czBahADt7s4k8y,3386,126,11900
2018-06-11 16:02:38.925,gnrq3n6yf5h1BZcO4ZOcfn84pW035hhk,1862,77,25000
2018-06-11 16:05:29.160,K-m8x3PR37XTC_UVw7knhuHMkGjd1zAM,1810,32,19800
2018-06-11 16:07:20.495,NVZwXf226sE1TXHrcYfMc5j5eWJYL6JV,5636,84,9900
2018-06-11 16:07:54.136,yp44cZCCf2iiTJJ20sQ0O1H1_rUPzwp0,928,136,46000
2018-06-11 16:15:38.686,lkyuqUQch4upYFKD_y8ggJs1F5E7YiQ7,597,102,8500
2018-06-11 16:17:44.104,E_jaeBFepH8Fac16qUTqcFWtaanELCVv,2433,11,36000
2018-06-11 16:20:06.375,Qj3SkgqcOznQ4HiJV1q4VQSa5XFWagkh,3185,100,21800
2018-06-11 16:21:28.091,Nqt5BDiQmwOQxTMYf2MQLuqRByLEnvHj,4584,67,9900
2018-06-11 16:22:47.617,TGCR-vSvOzErOipC7lXk5DNsR2QGgA1F,6567,141,35500
2018-06-11 16:23:50.406,9ApZFMy8KT8kGxCrlkCsF_qptsZzW7NM,3372,30,56000
2018-06-11 16:28:46.637,1aRvFZ_x433FpXLyzCY-pxDAN3DmTyir,1990,84,4900
2018-06-11 16:30:41.409,x5cerAN72cGSM5yzzDlE95NLVuqvIrDe,244,107,20900
2018-06-11 16:35:52.270,rxNL_TszvsG3JB26a9eck3EUn9ZBiGLy,1897,2,21800
2018-06-11 16:39:28.803,9HD9ZP6tf0sCLX8Aq3k8jdhZZ0F8POuX,1188,22,4900
2018-06-11 16:40:14.172,J5U-e_TVGZ_9zJlVKoGU04nZrtSG4TmZ,1153,60,18000
2018-06-11 16:41:09.913,AN7vXKgIR9ylWPbkbZEFvssb_cZBcqeB,1654,89,15000
2018-06-11 16:41:59.091,j0vuTtrJFYtyNVHHrIg7bqH7oxedY2m4,1838,15,16000
2018-06-11 16:42:46.939,BCCqfAFpvJ3v79lj_gDTtgqAKZVGUbGl,2962,22,18000
2018-06-11 16:43:32.665,dkwpbZFnCLT8irvBvFOCafi6JTrHyzTi,1272,190,54000
2018-06-11 16:44:12.387,rRUURQrQ3bUzOml5ouBCN5BeqDk5yn46,2054,153,29500
2018-06-11 16:45:53.496,FPj4WoYzBkkhLv6icpJGgGrpvTqTvgpd,2645,160,64800
2018-06-11 16:49:02.070,oF5LEnRvFZZYmsOPVEu5ptLD3rzH0ZA2,4690,83,29500
2018-06-11 16:49:02.926,t9M7Wcoby9dBmEhGtfgBdh6FlnTJ6Rbe,4243,11,32000
2018-06-11 16:49:14.404,CXzEgU6hd2HyxeJoKT1JUfI2T8zq4jLt,1679,36,42000
2018-06-11 16:50:08.822,DPyMisl9SZk5AqN5YZlcAk7J288XXwaN,4536,193,8000
2018-06-11 16:50:15.205,YakHhGC7ZozhExbo-K_bjKMycWAe_p8M,6353,22,14800
2018-06-11 16:50:22.356,oFwd9GaqfZntS7UQbfD0rTySKhxAfVyL,5787,65,34400
2018-06-11 16:50:55.091,7NWBks82J4_XnDpw8fu3y3fZFRVRATmr,2702,33,27800
2018-06-11 16:51:15.016,1oxvx6QU3Fu-8FsPvaWYm_uTVeuEQcQj,3385,60,30500
2018-06-11 16:51:36.769,cvbYXZP58U5EciYiZ8vve1pWeM35Albv,2028,19,18500
2018-06-11 16:52:53.320,bl-gt4XT8K0IGpldreYCqEAOl5sl3hmT,3961,60,24000
2018-06-11 16:53:38.877,Y-Ct7PmBdvEi_R2HLkOZvc89aEy3Y4b0,4026,94,22900
2018-06-11 16:54:23.998,19vOH1W4-cFanhVEGQd_eJeo6YofJZiP,958,41,10000
2018-06-11 16:56:48.003,r6XZgKAB7aafd5bmyg1RTfgMky4P-T1X,4983,63,27800
2018-06-11 16:58:15.721,8Zk32qbKv4Ca9xs2GLv_fKIF4crvWG0j,6149,15,19800
2018-06-11 16:59:01.503,te3y4H0-WBE8KKobh6hUkD-xFsfmsmla,166,143,11000
2018-06-11 16:59:58.167,aLFOQlLVOK7SI3SYAkaxRsCXHbDPlSmj,3054,6,24000
2018-06-11 17:00:26.367,9FQjC96fplE1ydH7zuZg0Nn01sXS2m07,4757,2,22800
2018-06-11 17:01:12.440,Ijn3NN25WE34ZF5nNvIBVU4lm2E5M3fL,6265,124,9000
2018-06-11 17:01:58.343,eyZOqNh86hkudrvhwYS8m3jlQrqbLh32,2001,43,39000
2018-06-11 17:02:00.099,gdVL3V_8-BQY0Spzeib8ZCH_nIlTYDsn,3440,76,11900
2018-06-11 17:05:24.133,D-3y07DnzQOm7WOWSeAq_lG53uEf0DCi,4312,10,21600
2018-06-11 17:07:15.181,6Q1CfKo8Hh6d0BzOJqrUnWHjZ2Z5oRnc,3059,22,10900
2018-06-11 17:08:00.723,8bJ8xZrpkx3SBoxA-sBulkHLfsO_tObY,3582,96,32200
2018-06-11 17:08:44.462,te3y4H0-WBE8KKobh6hUkD-xFsfmsmla,2683,60,8900
2018-06-11 17:11:16.174,5NSbOHD6_x5RJtJTxXnnhVw2X2YuXU4F,3030,11,44500
2018-06-11 17:14:39.680,rE4hlLad9YgQMFAO-U3KgyoE77m4Ssix,4976,14,13000
2018-06-11 17:16:34.659,nesuIyvowRjmwZmsL4tD_IOdnJGdRaZM,1501,94,32900
2018-06-11 17:20:09.803,mmmjdCzGov25Ki0mU54dE7HPuWu3aA9R,3376,32,16800
2018-06-11 17:20:51.150,uAcAplppOKmgde-QQjnF1cudy7Ze7ba-,3101,189,44500
2018-06-11 17:22:36.409,GDfq5vI4YmCJl_dKaG_E_f3rFRjndCEX,4872,6,26000
2018-06-11 17:24:42.063,kA5wD8ypkVE6OJtepQt_9ZFEwI6K1DzJ,1367,134,18500
2018-06-11 17:24:52.450,FxIoIcXYvcjjPatpZWcboAkbFoVudraI,3892,84,12500
2018-06-11 17:26:19.751,uPCiNslQ_uG2L_4Ie9HtLlR9xagbGRcL,1725,32,19800
2018-06-11 17:27:48.396,0HxrF9vnFhT-1HREcMRGTfgKb0gWFzxo,3642,134,33000
2018-06-11 17:30:13.203,7ctj_6vskcqF-pKMrDan04SI6BOv8v4W,747,22,4500
2018-06-11 17:34:52.698,BpWTZNlYhx6QAr-cXSxmCQ-Lu0TqL08g,6470,77,9000
2018-06-11 17:42:37.372,Tuqybg2sYJM7q970EpY8iQ2xUMIiQS1l,4439,22,6900
2018-06-11 17:47:34.161,Sb2xcNGGxGAVPtGRAcEi_bSmKMaGoLDL,3507,22,13500
2018-06-11 17:48:23.239,nUx5kJ5fMZTjtYPql-sXuG33KwuIUHPH,2907,52,22800
2018-06-11 17:48:34.567,vHcW__CSwiDhacmVNrGSivgVcnK1njlM,4692,83,25000
2018-06-11 17:49:09.231,4jtvevgAk-iHvq5zZhgJYcjAJKrQ5lVg,188,63,29600
2018-06-11 17:51:48.159,sQc6-oAdjeNC1X-TyE5tm6T_62I19lxU,1331,191,65000
2018-06-11 17:53:13.847,HeFDh2qhF49Hb1XeeYD7MdRIQdXrUsz9,4566,94,28900
2018-06-11 17:58:21.967,EP-Vi8Pvl5OqccX7wzNcVp9e2XHZUO2H,1435,138,14900
2018-06-11 17:58:26.035,WDyw20894fraTPsnyM8q6NsEdjewXGUK,6490,134,43500
2018-06-11 18:01:09.429,SwCvyUS2b5Y9mmredx7As2-USXE96ZgM,4951,74,5500
2018-06-11 18:05:01.032,RBCVeWVgio84UqncG0wys9e5mCDMBAbL,6065,14,37000
2018-06-11 18:05:32.270,b9hR9Y7Ze6KWrSPcV453mGuO4zRoZl61,3656,22,18000
2018-06-11 18:10:09.707,5VWGBHoTjPOjqsmh0qYEBVsfLULF3mRs,1778,14,13000
2018-06-11 18:10:22.868,ui-TQvNFBK1a-iXyyd9iIexQCNKdH-EB,295,100,28800
2018-06-11 18:11:28.436,8kWF93Q_3ZLRuYPZFGRTZ7z1SAHorLNG,6649,14,17000
2018-06-11 18:11:51.059,kYaswzThNoi5tpq6lZKmoC-F7bYAQasa,6459,11,18000
2018-06-11 18:14:22.596,SG-2ZJzjrWbqIEsQxzmFNT3_pvLtul3w,2852,22,11600
2018-06-11 18:16:15.735,ZqC_h-amqTdhYvv0VgkHunXQDj2HNZTJ,3355,22,11000
2018-06-11 18:19:33.891,MlLNDMw8nGyR8cN-ePGKSOI37rEvfjEl,1675,125,22000
2018-06-11 18:23:02.219,swQRDS8g5yaWLjSmAix_ePkdGN-e0VvV,392,22,9900
2018-06-11 18:24:21.707,ixNHkWPc6PDBMkkPXV6J1p4XiOFkGhfy,3350,77,18000
2018-06-11 18:24:22.423,EqLzDnvxzN07JBAzFJm3_RL0fV84smVh,785,188,29900
2018-06-11 18:26:01.723,0GuqiwNd8_1TBrw8ig0LzqY6jO61lP9C,2410,141,38500
2018-06-11 18:27:37.132,8qY6xSdbuIxf0rakFKnxw-yNArDfJaTi,5773,15,39800
2018-06-11 18:27:56.792,Rv9UEBb-k_6sDuN4E9vOj9jh9xwcoG41,3726,46,49800
2018-06-11 18:31:50.050,rxNL_TszvsG3JB26a9eck3EUn9ZBiGLy,319,78,64600
2018-06-11 18:32:51.977,C6pGEnJLDgm0VPB1La61kxBALH6ShdlV,4039,138,14900
2018-06-11 18:33:04.436,XLkpvgb8EkJ43v5j4QONm-wJeQMYiIPh,4464,101,39000
2018-06-11 18:37:18.226,U_zRFbOWP3jBlM6M6eqzWuWNd_ifF2AE,4583,91,2500
2018-06-11 18:37:40.695,6pzmB4w5cppBp-yiLb9HetV5dgEDw9ac,2920,84,13900
2018-06-11 18:38:08.263,ZBWfew1xvSCbs6AOJSYx0BtzTYJOXVYS,3034,22,11000
2018-06-11 18:39:43.391,0Ui4C1Al9g4w_RWzUaNMqxljuQnWqrQ-,6647,14,35000
2018-06-11 18:41:22.608,h7-5gsAw4thKvyNvoc67g0931xCo2w3c,2525,45,19900
2018-06-11 18:42:18.764,BFvmyB7VIQkq4kympGvFIUuo-h1R075E,5583,124,20520
2018-06-11 18:46:54.826,b2RsoFBAFFteSFoiuOTuiMWX54818uRY,5873,32,24800
2018-06-11 18:47:44.431,tkYCPsORn8zQykrm94vAdzSTxFZczXGZ,3016,138,17900
2018-06-11 18:48:26.599,iIUKcdCRe3oEWUqbFIApcWJ1nb-cvVpw,5388,46,25000
2018-06-11 18:48:34.420,H9LchJH83eWd9vjj07XZDYEv_zK7SGs7,2086,83,22000
2018-06-11 18:48:55.755,IIwUgERHQNmcNYlhR2VXVFWDjbyylohv,2425,12,12500
2018-06-11 18:49:58.196,Idw89iPtVfBDX7FJ28YxeF2RQIS6oaB1,2321,183,7900
2018-06-11 18:53:03.187,JWGTW00WPcD5YqbKi_4YNuWvDw6bYLgJ,3564,2,34800
2018-06-11 18:56:21.682,Idw89iPtVfBDX7FJ28YxeF2RQIS6oaB1,3983,91,5000
2018-06-11 18:57:35.856,RrjE7GMCbv0ywwy9CU4J2OdavIeDAJLn,6289,124,13000
2018-06-11 18:58:35.382,cOkL1A8kGdbC6x-E1Q5rVi85QoGOIGkt,6353,22,14800
2018-06-11 18:58:50.306,P-1L7TGP_fipzYVNVNpEqZ4rSLpSPMRG,6479,77,16500
2018-06-11 18:58:56.740,iUAnkoGHGuN-nzNgIZZT19zP2SPq4BpR,164,178,35000
2018-06-11 19:01:55.554,ogQ1HglK7IP2LBc6rF3ZJZSDXRsGGQFV,2623,41,11000
2018-06-11 19:06:39.183,w2yzvDv7u2ok0lXID-ssJqKUNUT9klhu,4558,125,28000
2018-06-11 19:09:27.222,LLXVDVqtv1-h9jrJbHydnEB9QTJ7Oe-x,6410,28,19900
2018-06-11 19:14:57.000,11NVzbZdGxYQE5_-gctsEfldK6wdbtXK,131,100,25800
2018-06-11 19:15:35.577,KjdhqR5ENM4-j9GCGTEBMCgAGK2aVgQP,1247,60,24000
2018-06-11 19:16:16.854,s7fDPC-W1CkSMdnTRlGAbNzsuH4T8cWL,92,19,12500
2018-06-11 19:17:07.858,I1RefKzUZSwDToSbuILut-tkcHXQH44v,3293,18,55000
2018-06-11 19:17:12.921,2zcR-ykdM128rEhBRIqKG_rXscM4sPL4,3638,29,39900
2018-06-11 19:21:00.049,9AeZGkk6Py9BY0I_QdkNjjX0Ded0Fwzj,4008,2,19800
2018-06-11 19:24:45.421,xXeeKf072dt5D4F3mfiCLocPPT1rQwLm,2130,22,14700
2018-06-11 19:24:51.632,LtdL8C2ff1WdanHgrJ7P6j7Z0Ik05gJI,4537,186,34000
2018-06-11 19:26:46.329,Ne_b2HCi_U-KcpNGMWMe_AWWwAdLXTOr,4050,12,8900
2018-06-11 19:27:29.026,KNNzxgCNwiH0YpEhMggEYQJ_jptWy9uP,4603,12,4900
2018-06-11 19:28:08.443,FOaTMlvVipOzD7OKYN0lX2R9IcZPgfY9,5362,141,26500
2018-06-11 19:28:42.954,OX4S-ivushYzFv54myEvWv6-aUXoyv9t,5679,14,15000
2018-06-11 19:30:52.803,ehPcNLRNBZ5Gj-1ZdXMDVytMuPY-B8FJ,1611,6,17000
2018-06-11 19:31:35.883,LqImoN4NNmifYzWm4SCSCI_XzKCpo86H,849,63,32800
2018-06-11 19:32:36.657,IcXn38lfus53DAj80qss43lJBEdLK_yp,1007,12,1100
2018-06-11 19:32:56.815,dyBbELkYMTL73C4OjuEmpp5sS5FsQ8pA,525,138,14900
2018-06-11 19:33:05.058,l9JS4TPS8W46BS0yKhI7uq5P2hJvlznM,19,89,19000
2018-06-11 19:34:47.114,qyN9jrZG1wTrpLY3K8Td6YTZgJChj4s2,2733,188,15900
2018-06-11 19:35:12.954,XoDhQ16uOIxpJ9N5VVYEEPol-RvmYfdN,4308,63,22900
2018-06-11 19:35:26.745,xE7b1PdrLh9F_BIYKdMr2yGg_uQk0469,1309,67,19900
2018-06-11 19:36:28.774,F1k1kAPKR9sxdZsBjvBGO51XTj5ioEFg,3380,43,25500
2018-06-11 19:37:30.637,wLvno7AU8Dhsg7UKptiD7XfY861bW9oI,608,22,14000
2018-06-11 19:38:25.551,fdD6w4aGIu6NyOLQLtDq8x-GqIFJdo7D,3014,91,2500
2018-06-11 19:38:28.290,pL79ZzvvigGyo-aZiZFuc_Gv_WnG0lLV,3432,64,49000
2018-06-11 19:39:44.008,7SIIRNllA2DFqGlOMZYdcZS7-fQ5x1nv,5301,63,30500
2018-06-11 19:41:05.441,zgam4nm7bwsk1_XUDBKNNmQRKt6FUBFI,114,138,13900
2018-06-11 19:44:51.131,FTD_uUY-vPyQ_fSV_97yDm6kTfGdTD7k,75,140,44500
2018-06-11 19:46:15.044,-mZEEW22aqNU6B794YSve6VB0UOFGCwA,3541,14,18000
2018-06-11 19:46:36.752,BfNRyn4soAYGsOP4SYvh7IhS2WFbnen9,1300,32,19800
2018-06-11 19:47:58.718,cRELEUhG5SXbqJYhDkrLcTulwvo73YzI,2942,113,36000
2018-06-11 19:48:22.036,lGfQcSBdw0gwN-Q2YDJ6Hh3IpIqJiFo0,7030,22,17100
2018-06-11 19:48:34.230,CgAHE-ft5G4sawhsrSYL07lbiMrppsuk,4308,63,22900
2018-06-11 19:50:11.004,F-3ocGlXATQ_qcGJ3CO_XkeVwR0w9Ado,5858,12,13800
2018-06-11 19:51:04.671,vWpd3Q5zYwPLgMeMT3SaRcrAfPbhktwB,4977,14,19000
2018-06-11 19:51:16.458,RPeln55UJe5egRDn3kH-4Vgo7uqSk0xU,55,22,11200
2018-06-11 19:51:58.078,zFA9gVzRmXXYwFUKUdJM0jjKb3eHHESK,6428,185,16500
2018-06-11 19:52:32.820,pi6deA0mQ8wE71puk8kGAP1syNEcIiuy,1788,12,9500
2018-06-11 19:53:49.053,rgXorHGWwABWvzqn-i8md8U5EyKXsK6m,2815,114,31500
2018-06-11 19:59:49.773,6C68lzj99vVuNrjHknRr_ki9zmzBdhKr,4770,100,27200
2018-06-11 19:59:59.454,jnblzfQpk4BQ9KkSW6KHRWC2D0YESfLr,1527,22,12900
2018-06-11 20:01:50.522,KV7mAuEkv-mP8D4Hfji8JD5g3-JuXAlB,4879,22,19900
2018-06-11 20:03:40.678,J5rsAKt1h0Jv0EHhQySSEsIpCxuMyNU4,4845,11,56000
2018-06-11 20:06:22.085,Vg6Go5Yd4mUNAtjeb0OLXs3EP3i9obr-,4845,11,56000
2018-06-11 20:07:53.822,TVohusGZpXB396Omv-DH7CbttlPey-qZ,5143,12,14800
2018-06-11 20:08:22.099,J719pj4ZuBnl8qgva3cMNL9snOhw25NX,2003,22,17500
2018-06-11 20:09:16.353,Nx-4VhHzuIXEkKEuC-1YJrWTco4-ZejS,7064,6,27000
2018-06-11 20:09:29.095,VGCaiafcmHDbveq6Hwvh5kK5qK0lUHuA,7136,32,13800
2018-06-11 20:09:37.898,ikFXCprcWGMTOLglE70TAw5nz4Y0N5xl,57,107,20900
2018-06-11 20:11:06.329,FQ6NL2ONAKqofoXhzN57mzNlI39lZtia,3342,142,34200
2018-06-11 20:12:56.894,9lITmExXCpwdx25netO56C1_NWsXcQMR,1527,22,12900
2018-06-11 20:13:35.747,oX-o7eH3U4JIj6AaF06BHdIvjAgZdIuW,1810,32,19800
2018-06-11 20:13:57.826,P9QQCWwUbrTjoBd669fNmC-wF8FB-Wiw,4308,63,22900
2018-06-11 20:16:42.571,CvcnHE9Vy1k_-FETUzKaUV01__A0vVjD,7043,106,71000
2018-06-11 20:19:58.746,jaV1gd_90LmVCohYn8lb7Q8Dab5eiRaQ,275,126,9900
2018-06-11 20:20:00.261,BL3bNuSoRxEDBlHKtGSHa8u7CX24bS-h,4385,25,36000
2018-06-11 20:22:10.759,YI9hHyTcnrlgFqx5NWO7GHSxbwz1Dg5N,5321,63,31400
2018-06-11 20:23:05.806,sP6SfRriheabx422lUl3OLMtvMwt3X8u,5971,152,33000
2018-06-11 20:23:50.365,vcPRfTwoxB04_-Ay7cJcoPAUqnY56ldy,1631,14,29000
2018-06-11 20:25:14.731,SygOGaNUcJadRqMgDGJScQ3Q5XBhJ35m,6358,22,22800
2018-06-11 20:27:09.812,mT7W0kv5Q9AT9_cQ5QciqJ11ll3mBPBD,530,185,15900
2018-06-11 20:30:18.958,u5WuIgDRxCjZHnBUQWO2K7koTOXbYNt4,5829,23,21600
2018-06-11 20:31:37.003,zQTDNqRPz8R4ZYe_7vPpsD3I_0hNKOf4,3482,138,19900
2018-06-11 20:32:36.832,CrAFWHvJ1lVVgjSgNbgdKtYqehI6pF68,4431,11,22000
2018-06-11 20:32:37.799,ZrMGDcUIFaBqG3bOHXLVmJrAjyChy_MT,2082,197,14400
2018-06-11 20:33:18.567,x_wjsgU_e4w90_bLXblfxUwUkC1CJiu0,1409,22,14200
2018-06-11 20:33:43.149,DWRQk_seelUhCVotmuXegVwKXGL4LptH,2157,2,15500
2018-06-11 20:36:28.248,SIXrMlC-xVTiGrlehcqsVbpPZXvoW8i0,1158,22,14000
2018-06-11 20:39:00.178,DqwN0Nt7OaJRcW3UVnDlSHvYf4lv4otn,2253,178,33000
2018-06-11 20:39:10.714,o8tMeW_qSAec_pTOV8aUYNTSIfYSGTgP,3060,101,33000
2018-06-11 20:39:43.054,qQoDFrdiRtCe-wOpyZStRXR7Oa3_T0ym,1920,12,18500
2018-06-11 20:40:00.298,IFBhQQzH3T4wSfuUXNvgsgvdIpmL96v5,7063,6,29900
2018-06-11 20:41:34.518,352YlQC72eian835oYihpJPW8VLoWcLk,1991,192,3900
2018-06-11 20:42:40.673,vqVNsOhFo4-6kfaCU-yEFKavKeN2LRRq,1702,46,26900
2018-06-11 20:45:47.339,YtneXC7msciieYsEOF-pkHcdlMf955Aa,2852,22,11600
2018-06-11 20:47:06.062,WPk9FKp-raP29p3wzXX7EmMIl3_VL6_U,4449,28,23900
2018-06-11 20:48:03.273,oevbaeptPiwvcyJ_22hR7OrthIcEuvsn,530,185,15900
2018-06-11 20:50:35.462,XzD9dre8548yyWjynyYU8Q6cftudYQVf,3323,64,39900
2018-06-11 20:51:17.680,R_7D80tS5GkNGNSUhPohm_s3R7aGWsm5,6191,186,31000
2018-06-11 20:52:01.206,jzKt5LYKQyEBRCZtQ4TDvN7t0EC2W72q,481,84,9900
2018-06-11 20:52:21.452,84Wen1a1CMsTzYoq_vj3Mu4RVKoCjJ0t,4074,22,21000
2018-06-11 20:53:49.891,eGItwKpfB879lpbo38OA-x-z66lN5QT0,102,102,14000
2018-06-11 20:57:42.941,2ljQt40V1O2NWXv0sy1DJyyVOm-qMofl,2270,142,34200
2018-06-11 20:57:47.716,zKy3fQ35nHNiVMGR4pJGGLutJK4CYmlp,3642,134,33000
2018-06-11 20:59:36.326,E5qqn3NRJatFoMKENqaOkUtDr3T3vKaz,530,185,15900
2018-06-11 21:01:37.146,QTSfSM8wy0j8FsEYkVbVZKGZzsNC2T3U,7067,6,12000
2018-06-11 21:04:10.504,x5O6sczlFPT2FjHIw0QpyAS_5wGF1JUw,2434,22,18800
2018-06-11 21:04:59.323,h-PzQEnMg14ERgZWndBudASKIu0hFNsu,3785,22,15000
2018-06-11 21:05:10.542,njb-QkhYzcLLOZwopEId2QTKyr3r1TXh,3107,91,5000
2018-06-11 21:09:50.725,N0Enkckb4cQhs0aOnX0Tm1T3Syuob_Xk,5650,91,550
2018-06-11 21:12:32.435,SIXrMlC-xVTiGrlehcqsVbpPZXvoW8i0,5606,92,16900
2018-06-11 21:13:17.576,piZKS4j8VpPHlfdqW4ao49TlKRtcmNqa,5955,22,26600
2018-06-11 21:14:46.749,VAoDjujKB57bPyg9vFdLPYy-AhlzM_5R,425,22,19500
2018-06-11 21:15:03.007,gaKLmQpPECtFT0LVNgGt1N9Yop2tm0Oh,3786,22,19000
2018-06-11 21:15:24.504,_hH76igaHmGhwJA_Z5oU2Eh-9BDhPtbH,80,65,32900
2018-06-11 21:15:25.989,oph06X2y6lz9LgmDzQ-mr9AEDFmQSqB1,3257,18,36900
2018-06-11 21:16:00.632,H6m9-q-IPvoKIEtkdDQh-S5Ct6Ue0Djs,300,12,7900
2018-06-11 21:17:14.595,PYagEhvh1MG8qXOW0cRi42n9HBYHBWpu,4496,14,19000
2018-06-11 21:17:16.819,n9N0qPNIhEi5uuac3hLva1YqWYWSYlgv,628,60,13000
2018-06-11 21:18:14.992,sPK2_dsk9aYx1PbwIha8p1qw2pKMskZj,3387,70,8000
2018-06-11 21:18:29.683,8976RLa9-uAvHfF5W_4ejhvCD_HiTXsC,428,64,41900
2018-06-11 21:18:34.732,HcAX0LaqGEEI0kO1YCrJzztKnFJ5xI6c,876,171,6600
2018-06-11 21:18:52.761,JOQxMBxTIvos7zCMvKhRigVwraV3j80i,4163,56,104000
2018-06-11 21:19:05.733,vnwjOu2EwKaFSUzJlyfXiI6oea2BcX1H,1990,84,4900
2018-06-11 21:19:45.249,cZiq9EuSz5a3F7XtynWc6IIG79so11eU,2137,28,17960
2018-06-11 21:21:43.079,GbGJQzIFep-FMMdwymhFXf_LdCnrGDDY,1808,6,27000
2018-06-11 21:21:43.559,vzf2VkM-UUHJuOctMm-IFFqBdE7HpPP8,7065,6,29900
2018-06-11 21:21:51.260,Emdzysmdp6i5zfWvlXbIVDbxhn7bHPC5,1883,74,5500
2018-06-11 21:21:51.415,GXlLwYgaEGpZG_H-Vbist_VSmRNS_lGf,2623,41,11000
2018-06-11 21:22:45.067,7e5Mb1sPVaMZdw4IgvOYesa1yoLUhGtv,5941,6,36000
2018-06-11 21:23:39.295,OJhiPXFynxmn7_DHkpOx-R2MSzpGnXfZ,2525,45,19900
2018-06-11 21:23:48.162,1M4ut3jN5QclQfsst-YzP_m9BMogaFwx,5236,22,22300
2018-06-11 21:25:07.028,i8lAr0csgIHMSy2sp7IeKhsHvcf0rp1o,279,126,23800
2018-06-11 21:25:41.902,411WQJm9kG89-PwVLid1cKMoyfeBR4CL,175,126,21900
2018-06-11 21:25:56.801,pfZuAvfhS8skBhCzA-Bx-nFkNAJq-LlO,5017,1,28800
2018-06-11 21:26:23.741,ggCICmp2XumOfZhqEM3Qr64tFUlSNGQN,4603,12,4900
2018-06-11 21:26:56.033,TFg3IQo6xjy2w70aUGmByT6g807qK4Xa,937,93,34000
2018-06-11 21:29:01.923,gcpmp93r-TNtw2x_99qnIm2gbjo8lDBP,6574,193,7100
2018-06-11 21:29:19.650,JaPcgVQvo1boZkJDex855IpbPfV0_REl,1235,94,26900
2018-06-11 21:30:18.657,oOs3mU4gLMeIoU74GH47ua4XcqQd_nM3,5863,12,24000
2018-06-11 21:30:27.406,5Obj4WDYp72wxVmyHOD_h3Ml11JK3asu,5374,65,18900
2018-06-11 21:32:01.866,fiKjV5ky2MVSRWX-G8WtHQLtZPKCv62-,647,109,23000
2018-06-11 21:33:29.324,eptc6kUiLi6A1fuiLgt1R1jOaCliNHTI,11,124,29000
2018-06-11 21:33:48.836,deL7I2aixwBdsKWmn6ptQDcBtU3aDjWs,6425,28,20900
2018-06-11 21:34:19.876,JkBOzfgL_APyrEZaXERxTSou1WuBYUgP,6353,22,14800
2018-06-11 21:34:53.843,mMw4oBzVchb8xUHthSGU6S8_zlOGa7gr,3961,60,24000
2018-06-11 21:36:36.681,xp2UXd5LsDAq7ib1HziNbaY4FF3gp3ks,1922,12,11500
2018-06-11 21:37:34.255,ngQqjR6-Y7C9H3TMG5ePWurKDjqmqOPM,958,41,10000
2018-06-11 21:38:37.178,a6haBNSNsEeDIjmPpOfJYtgLUEb0zbfC,1976,4,49000
2018-06-11 21:39:23.828,p4qm3l5MvMUpvvhnmIafoFuDza2L6AfV,4051,12,9800
2018-06-11 21:40:21.269,UwMlpCtBb_ZEBQ4ZDt1lvyr8i3nf24-k,1294,22,15000
2018-06-11 21:42:24.132,WaL1vRYz2oFtO2xYBLQgwsx4wMHOwSUD,250,92,36900
2018-06-11 21:43:25.548,OLLqtBkiQkg93M-vxaE02PhaNDwua1qH,2121,145,33000
2018-06-11 21:43:56.163,ZrzEJJBwhKkDE-zs_qkgobA7UdieDrPx,5606,92,16900
2018-06-11 21:45:00.860,WHAxFyE8Zr5WdRi-7aaZ6vika0s6a6PH,109,19,35900
2018-06-11 21:45:12.036,Cih8gqkBzaWjmo7BFUgfBabMMOKDfs2z,926,91,3500
2018-06-11 21:46:29.151,68xaQSviV1IyaI-MD6uOP8ksCVp2L403,6403,32,9900
2018-06-11 21:48:43.820,4H0T8PMefCG17EOGR12gRWrQ74Iqe2XG,2419,21,22000
2018-06-11 21:49:05.693,eVMXrk6cnjzmCzUzSWkh3HrvB6WRW1eT,2940,144,27800
2018-06-11 21:50:02.648,y0H6lG_P0h5JnD3SpZUrq8Fnk49w4nPx,4582,96,29900
2018-06-11 21:51:12.189,hjW5ky0bcfTvHgiIeg6vavwCOUAoaqy-,1311,63,32800
2018-06-11 21:51:20.107,E81P7gPAecx5gFT3BvdifEE1XLty6cCS,320,138,12900
2018-06-11 21:54:16.172,XMfOr6hw3J-Y6e-ZpJYCUT7-FfC1z1M7,981,100,30400
2018-06-11 21:54:42.265,h_L9UbUBzW7ZTRrPY0BYm1WsGX6LdBaY,4641,6,15000
2018-06-11 21:55:07.008,lonua6a82lx8qJy9KYntfUEKRm3oNdH_,1585,14,17000
2018-06-11 21:55:20.518,T5rx2aBiYRlV50YdBZ1gen0SdxYW91sX,6410,28,19900
2018-06-11 21:56:55.550,UyIwTTSNITQnHVzzfatAbtZNFFE0tbcO,5135,32,19800
2018-06-11 21:58:11.601,6iNgRN63ha5wb-qekjNxqHWYMBZaMF1F,5898,104,37900
2018-06-11 21:58:37.565,TI-bmde8HFHPOnk32gd2xNrwZIl-VBvJ,2776,102,12500
2018-06-11 21:58:39.019,xYucDVdws24MHZzfnf4VelxXWka2jgRH,1665,74,5500
2018-06-11 21:59:32.712,m00RDiwe9sP_6iCXCrYC0U0L2_a6XZnf,4603,12,4900
2018-06-11 22:00:02.412,37wHri0d6UhHI_5LpZTeLDgxIFl2a1yD,2177,100,25500
2018-06-11 22:00:13.273,rokqepbENYNKzyRtDliGi4MuBoyt81t1,2593,32,12800
2018-06-11 22:00:20.571,f8RiTcftJ3qmK-SD6NHpAU3DP4rpNoUl,1980,136,33000
2018-06-11 22:02:03.547,7Y_u3HZLnCyPnxuok8e5Lu5NGm8_UD_5,4376,32,17800
2018-06-11 22:02:08.177,WO46OOnkUVzFp8Xmw9aTwP6IpC3O6gCT,6996,36,28000
2018-06-11 22:03:02.826,-RkcyYiat4mnNUK48f_0xL1rWJC1e5Sy,6991,87,11900
2018-06-11 22:03:31.072,kbyROthKy8QEmCBh9RnAsFJb3Fd6tM00,331,124,20900
2018-06-11 22:03:33.827,YPVEWY3oOT1etfHPf8K-tj558CETxP9K,5652,91,100
2018-06-11 22:03:45.381,QVzBr38CsSSKurl6i3l6Jz47lBTB0wy2,4150,63,27900
2018-06-11 22:04:10.585,4dSMHqbsJn9CElpXms9r7FZwuyW6ssyd,5635,84,12000
2018-06-11 22:04:45.404,rhwWPoPbIYW5fLMPVuod5F2tAuzjHQSk,6365,22,24700
2018-06-11 22:05:10.014,UyIwTTSNITQnHVzzfatAbtZNFFE0tbcO,3667,162,27000
2018-06-11 22:05:16.997,rokqepbENYNKzyRtDliGi4MuBoyt81t1,1235,94,26900
2018-06-11 22:05:39.499,17i5A1oJK4pgHuLplyCYQtaavxVS-sxs,2147,162,16000
2018-06-11 22:06:26.491,zpaoJK_hU9QKeRewiDS-2N07V1pwh6W2,658,126,15900
2018-06-11 22:06:37.187,V4gIevwc6eG2mn9vDYH9H1uAav2Egd52,530,185,15900
2018-06-11 22:08:16.040,DdKrlMrpVNGT-IXl-r74fDyicdUQlPyy,4804,45,12900
2018-06-11 22:09:19.594,p-LtC5-GCTo3g1uFM6qpYhNOYJ344rXT,1641,12,16000
2018-06-11 22:11:09.389,vQAD9uXS69ulTXG6I26HBsZ_0j_0Gfxq,2493,12,9800
2018-06-11 22:11:49.534,70V4IRpi80VCVfCCyfgQOMfpIsirH272,3931,60,24000
2018-06-11 22:12:29.926,QJjSwlTwfnBQDxPUgIQGyuPSbf72Dey0,4804,45,12900
2018-06-11 22:15:17.108,aH2lsHVN0mFd6e646a3YKqVNs-SOxkNK,2005,22,8400
2018-06-11 22:16:13.797,7sufyxItQIyQ3NGmmV7ubFOijZB1OLhf,1606,45,39900
2018-06-11 22:17:28.310,iQ1fVA4FIfpUV_iDk5IRH6JtXXYhRhaH,95,126,9900
2018-06-11 22:17:29.832,pIGs7DsrZXy272TMcotc2RQ8D_dEESsm,7055,28,20610
2018-06-11 22:17:41.554,YCPO9q5QIM4VDnDhl1lvYyR-_k82b0GS,113,19,36000
2018-06-11 22:18:01.553,VWf9C0f7ZBagZ-7xwVkRIvEpBa542UMY,2166,65,29900
2018-06-11 22:20:34.998,uCEatnbV_pxTXOLiLRpFTjNrEdZEIdSj,3820,122,42500
2018-06-11 22:21:11.936,vJk-Fk4lvsnYbd_ssApW3z3s9rup4THP,3637,130,25000
2018-06-11 22:21:59.651,ylhZDaBjnJPDamtt0DT7bRQBEp8hgeFq,56,139,29900
2018-06-11 22:22:51.411,ect22jSDV9GkEmmP9ft6GC059RpGJ2lg,1829,16,12900
2018-06-11 22:23:24.443,KFioyeKsUcxdprETrSL2nb_ijgV4exE3,1868,22,14500
2018-06-11 22:24:59.811,rNU9ZSrHW7m4uR2jw3WfbFgaD9UlZ4U7,95,126,9900
2018-06-11 22:25:33.631,Q0nrBD50W8cWWHqmOjsgrHl07_rORNK-,2013,134,16500
2018-06-11 22:26:01.143,VdoXEs0KTqiF_i6dfCzhCySQq1r6sGzF,425,22,19500
2018-06-11 22:26:17.785,e-XFZ6NpwqaCKX9SjIR-U1G9zULcFymJ,14,102,3500
2018-06-11 22:26:35.365,RvF-f3LUhD7i2ERzfN5bFcM7IVCP9jGQ,4031,141,20500
2018-06-11 22:27:10.778,fbh3T_Pygks8uU4kvdrvyJcs3VIuzrjf,3230,84,5000
2018-06-11 22:27:37.245,DqVims-gh7qve-82YxuKLnqcNo8JKrTd,2965,22,12300
2018-06-11 22:29:38.484,7nHITPHkI3XZHrmv8Af1RHBkc4N4MmNz,2623,41,11000
2018-06-11 22:30:00.392,W8OpPLM762qQZXQq0qzznkA-MWZ3Dsts,240,126,18800
2018-06-11 22:32:24.503,SGmRhrTEMB2SEQji8ttjLMM49EG1uz_J,2440,22,6900
2018-06-11 22:32:34.846,lDp6MGXS8OZpUUCIvAh3t6zwDiq4fayE,4429,28,25560
2018-06-11 22:33:20.557,EbCbx_j3f6F2US2zZ9_-B2dgcjsFy7Gt,1137,89,29000
2018-06-11 22:34:03.339,BnyXBZ5yDOjwXoc_j2bG8k5NEWn2z6a7,5572,89,29000
2018-06-11 22:34:18.145,HFGcFg08hoi0dfjjvqgvMJKTY4NqUJJ1,2974,121,38000
2018-06-11 22:35:22.340,QpMRN6-XcC7Z-GLwP129jjVcZlyOYOrE,1499,63,26000
2018-06-11 22:35:39.622,yQEQ6aHqHXoBjT03blBd7hsgX6QnnDAP,7119,185,8500
2018-06-11 22:36:01.264,7sk0sadXsSiblYq-7Uibs91-bxSA0FCA,1402,28,3800
2018-06-11 22:37:22.881,bgOU2vBP5Far5XdQ8AJLZFNXcFTphNro,1270,92,21000
2018-06-11 22:37:57.506,EWvLwjpjXIy2bZMWtyQdOXmZO_miZQHe,4823,12,14000
2018-06-11 22:38:45.463,x1SV7zpFoBpHd0SEoPPkOtD-bzMrLbIu,1400,12,14000
2018-06-11 22:39:05.900,B6ngZa6gyHazPiNqtyQJhQ1S1nRDcM5Q,312,126,15900
2018-06-11 22:39:30.868,Y96N4TnW3CDn7XSNObtYg3vyBeiVElgE,1568,22,19900
2018-06-11 22:41:33.516,Ti4AIHvHwOPYy2sNcA2-f0N30Oo8BCCd,2846,83,27000
2018-06-11 22:41:51.275,zz-aNy7UWfvyrZxO4Fs4K5ewmqZVaMOs,1574,85,23000
2018-06-11 22:43:34.657,DBQzL7nE8o21a3uv_IttIE7f0jNbfbTn,39,126,9900
2018-06-11 22:44:06.788,Lp4sHl0VJv_QyFJCv6U-SwMBAPWEiTHA,901,60,27000
2018-06-11 22:45:34.577,0RsDTwKEYNt8tlWoNk1kJi8H7yFpK8ll,1967,113,29500
2018-06-11 22:45:57.590,OPnwAjfoQJti78IwpI3A1K4MJzRBq5cK,425,22,19500
2018-06-11 22:46:45.089,rRCmsuShQoS5AzzPzMlpUAYhIhw5vdut,44,124,23800
2018-06-11 22:47:25.197,DRY5NG8Yg6Fr4HVRZlknPmjoNQKwnM17,4784,94,23900
2018-06-11 22:47:59.322,1ltpqGcpXDCsBIfXqZVYYs1RoEJ2pNuM,1181,12,19000
2018-06-11 22:48:30.059,ULdKKuua9sPoztAxYINzKh7NgF1mnl61,1111,41,7500
2018-06-11 22:49:31.217,lMhrYNkXp07gIJBFSuxhU9Qn4WgnUikG,1354,12,9800
2018-06-11 22:50:38.242,OSz2R4oCaiJ6l0guTtUQT4ukYq-dMSXF,7065,6,29900
2018-06-11 22:51:13.168,bZIquo3dC4IFTyj_qeG5PA_upzELFWdd,6295,2,17000
2018-06-11 22:51:16.006,L8acu0lQ4apG87BY9poLgBDpCqxnEETY,976,126,12900
2018-06-11 22:54:38.480,jc7ReYsTgqr7fGX5ajZNXRFn82pu_X1_,6962,12,11500
2018-06-11 22:54:55.568,aJRq95PeiIEyugQrE3e8SYwKI_JOPE2i,4660,145,65000
2018-06-11 22:57:11.582,3Vo9NP0qU_176pgbqk6Cu-CY7kpJ2-WB,7026,38,17100
2018-06-11 22:58:18.500,4sUXzRaMk_86WF_uPiLinQnILSjztlbk,3055,6,34000
2018-06-11 22:59:53.024,fAl0Uhkq65DwZieO30cTREz95WOF_VjX,1202,22,6900
2018-06-11 23:00:31.039,D7pP2qOYWV14e3EojDqeK70SrPKTbVSi,275,126,9900
2018-06-11 23:02:44.982,NKTxgQZRuCxLOxvspKu4H5HmFdmixjys,236,91,10000
2018-06-11 23:03:25.355,5mdHGr35gfCCO2QA3RW2DyhjGYs6iSOQ,6102,3,41000
2018-06-11 23:07:12.337,pyLEa_iwUjpx9Rs62-B6P_2SLnbkLmbT,5134,32,19800
2018-06-11 23:08:48.985,svMlM7AAM3U4gy1Pk58jLgb3Gqyz2sNI,7102,47,29000
2018-06-11 23:09:44.347,KozLPEhQ7nSr6FGt89pwShy5MAbeMtYT,1294,22,15000
2018-06-11 23:09:58.355,tipJsd-jsJ_QhPq0uOKRlrsmpoEZnKgr,5414,46,56800
2018-06-11 23:12:59.374,SX-4XzTiTPM40y0VrpfS6V-_WG6IcWqf,1753,100,10900
2018-06-11 23:13:03.459,q9ttGlDH6SCHrGbDt6cRItq7xM3aQqWI,773,126,25900
2018-06-11 23:13:36.264,N1c81IOMWprSeRhWKWYJ9ciMjKzfcxwf,2805,21,18000
2018-06-11 23:14:41.016,W5igOCYKWeXAK9nOwLCJKRkR0UKMiFvG,6460,11,20000
2018-06-11 23:15:20.847,REh8HN6m0hJs3_jImtGHBp28KE69nxYZ,5471,91,550
2018-06-11 23:15:26.653,W-FQ43ZDn94LT8XXyefiQCl737HdZ_FX,2878,91,7000
2018-06-11 23:17:24.021,1SZp7sMFWAfcLfGOZOWKLyDgfaIw2jT7,1887,33,9000
2018-06-11 23:17:46.258,WcRAA22j-KSwMIRncFChMDCz1Skf_T3i,1096,63,27800
2018-06-11 23:19:11.439,-1de9sT-MLwVVvnC0ncCLnqEqpSi3XSN,425,22,19500
2018-06-11 23:19:22.321,k-spvw_JM19AoKmgbx26WpET5QCafMcg,79,19,35000
2018-06-11 23:19:58.737,CiShnjZZLMl-FUQ854x2i94LoEfaSqJd,1444,12,12800
2018-06-11 23:21:02.340,PHVH2uXe1uQA3we1oEv0CtHv65ydqhbT,6185,138,6900
2018-06-11 23:21:02.409,sgPKUJiBjimhr2s_QB8qc_v8tSrwuAPh,2446,12,5900
2018-06-11 23:21:49.266,iR5-bY_MsbjXr_x-4dW_gW74q9N-QQ4u,1178,94,19800
2018-06-11 23:21:54.316,bc_BKpnydxdwN3fobxAahp0IIi0zaRK-,6353,22,14800
2018-06-11 23:22:14.971,gni976f7oJAqbJCoOd9N7pupYq43qujw,2129,32,24800
2018-06-11 23:22:23.870,vdwOxTl44vuWC0A5TwPeEv6vefzwq_km,1788,12,9500
2018-06-11 23:24:07.069,jBd8xbWHLj4TgB7oX3HOBC0KTbFfjcYz,7008,18,40000
2018-06-11 23:25:32.053,YVdNa9_EYKtr6v3MsISPDTpbOOqc8UV1,5080,64,35900
2018-06-11 23:25:57.417,x9QvNgVggF0cmyvwXIOYqRYwNzVhAC8-,2253,178,33000
2018-06-11 23:26:15.156,oGBSLErb9ojEDrPo4zBiF2Jxkhhd0Imj,7065,6,29900
2018-06-11 23:27:47.023,F33mnpSye7XguebEDnZv3d58zRg1ocyc,341,79,27800
2018-06-11 23:28:14.428,wd3J0CBqIq3a6sXsEcVdhcwHI8u5wtRq,151,126,9900
2018-06-11 23:29:05.024,IhC9j_5sCGle_QbqGDk8Zfs0CA2C0_WN,2253,178,33000
2018-06-11 23:31:02.967,ByjihO4i9HyJtDBaEYZTgGapQRl0srhp,1179,84,19000
2018-06-11 23:33:10.925,Rt9pp-Nj0ZA2ghpYOXJigx-kqwavj6ux,464,12,11700
2018-06-11 23:34:39.923,VdxINSPDmWqar5NUJJTFjxC_cF0IOfFe,5113,181,23800
2018-06-11 23:35:54.866,p0hSaKt6SB7JMixFmJ2TD894gHXAcRbd,3250,192,3900
2018-06-11 23:36:54.233,WKdEu2vaRQdxSxhLo_awXazp9IDbUvlB,3214,2,17800
2018-06-11 23:37:31.007,8iWks3LHh9IBCfAmW9hv5-Tuo9zlS2zV,6325,22,11400
2018-06-11 23:40:10.088,W5igOCYKWeXAK9nOwLCJKRkR0UKMiFvG,5468,136,37000
2018-06-11 23:43:56.024,N4nPtX8sba_h_k4EruRExPVQ8OwYQgjp,2486,84,5900
2018-06-11 23:44:16.646,i3Rg1dmp-wTX_b9t_XoMtSA26roM6kaM,591,28,23900
2018-06-11 23:45:45.035,G_FTWV3XOR8MmW01cOQVp07Q8_TznG8r,747,22,4500
2018-06-11 23:46:29.168,D7pP2qOYWV14e3EojDqeK70SrPKTbVSi,2392,179,16900
2018-06-11 23:47:02.003,i_Ar2GyU8xAEeQwzJm6wr60VDB6ofOpK,1065,61,29000
2018-06-11 23:50:42.202,49JWS9E7KuSnvv1B7uqMnsiT82ZmtRlO,502,12,12900
2018-06-11 23:51:54.449,wuK4KeAhonDy4KHxO8D60fFQsxoo_34c,5318,181,13200
2018-06-11 23:54:11.765,GU1JdCza2vj7N-0_YN3JOftW7SRXkWDi,2989,19,18900
2018-06-11 23:57:47.896,6xq2ibp39i7HaiTt_dOwWfpMC5UlFLhJ,1659,22,19000
